utc_timestamp,DE_KN_residential4_grid_import,DE_KN_residential4_grid_export,temp,holiday,season_Autumn,season_Spring,season_Summer,season_Winter,day_of_week_Friday,day_of_week_Monday,day_of_week_Saturday,day_of_week_Sunday,day_of_week_Thursday,day_of_week_Tuesday,day_of_week_Wednesday
2015-10-10,1.83784017374159,0.0,7.918333333333334,0.0,1.0,0.0,0.0,0.0,0.0,0.0,1.0,0.0,0.0,0.0,0.0
2015-10-11,5.08383965643875,3.193532663753371,6.505729166666666,0.0,1.0,0.0,0.0,0.0,0.0,0.0,0.0,1.0,0.0,0.0,0.0
2015-10-12,9.824345398144478,21.28617616303896,5.033854166666667,0.0,1.0,0.0,0.0,0.0,0.0,1.0,0.0,0.0,0.0,0.0,0.0
2015-10-13,14.717635170496875,39.08115949860625,3.545833333333333,0.0,1.0,0.0,0.0,0.0,0.0,0.0,0.0,0.0,0.0,1.0,0.0
2015-10-14,27.373166402048955,46.060247279847914,3.9817708333333335,0.0,1.0,0.0,0.0,0.0,0.0,0.0,0.0,0.0,0.0,0.0,1.0
2015-10-15,36.21624047378854,50.70284489870833,4.354166666666667,0.0,1.0,0.0,0.0,0.0,0.0,0.0,0.0,0.0,1.0,0.0,0.0
2015-10-16,50.03461209139687,53.075636774977085,6.444791666666667,0.0,1.0,0.0,0.0,0.0,1.0,0.0,0.0,0.0,0.0,0.0,0.0
2015-10-17,66.07762144102084,55.91740530016458,7.4875,0.0,1.0,0.0,0.0,0.0,0.0,0.0,1.0,0.0,0.0,0.0,0.0
2015-10-18,83.26627025711979,57.56349860309479,8.38125,0.0,1.0,0.0,0.0,0.0,0.0,0.0,0.0,1.0,0.0,0.0,0.0
2015-10-19,99.75429744386355,67.40494745799792,10.194791666666667,0.0,1.0,0.0,0.0,0.0,0.0,1.0,0.0,0.0,0.0,0.0,0.0
2015-10-20,108.53806627139583,89.8863061395271,8.9828125,0.0,1.0,0.0,0.0,0.0,0.0,0.0,0.0,0.0,0.0,1.0,0.0
2015-10-21,114.76077733992709,109.05078893769792,9.356770833333334,0.0,1.0,0.0,0.0,0.0,0.0,0.0,0.0,0.0,0.0,0.0,1.0
2015-10-22,124.91937201040626,121.21399718059375,11.739062500000001,0.0,1.0,0.0,0.0,0.0,0.0,0.0,0.0,0.0,1.0,0.0,0.0
2015-10-23,134.6032198060104,132.890261769,10.949479166666668,0.0,1.0,0.0,0.0,0.0,1.0,0.0,0.0,0.0,0.0,0.0,0.0
2015-10-24,140.46340227634374,148.10713554717708,11.135416666666666,0.0,1.0,0.0,0.0,0.0,0.0,0.0,1.0,0.0,0.0,0.0,0.0
2015-10-25,144.7798660293229,166.89066972572917,10.560416666666667,0.0,1.0,0.0,0.0,0.0,0.0,0.0,0.0,1.0,0.0,0.0,0.0
2015-10-26,150.20613937940627,181.87078530009376,9.911458333333334,0.0,1.0,0.0,0.0,0.0,0.0,1.0,0.0,0.0,0.0,0.0,0.0
2015-10-27,155.93864577445834,191.79069168169792,11.886458333333332,0.0,1.0,0.0,0.0,0.0,0.0,0.0,0.0,0.0,0.0,1.0,0.0
2015-10-28,162.53922175747917,201.9140577382917,12.652604166666668,0.0,1.0,0.0,0.0,0.0,0.0,0.0,0.0,0.0,0.0,0.0,1.0
2015-10-29,170.11408468980207,211.02478244172917,10.759895833333333,0.0,1.0,0.0,0.0,0.0,0.0,0.0,0.0,0.0,1.0,0.0,0.0
2015-10-30,178.24532803097918,213.81767834848958,10.302604166666667,0.0,1.0,0.0,0.0,0.0,1.0,0.0,0.0,0.0,0.0,0.0,0.0
2015-10-31,187.92379616490624,216.25841341557293,9.785416666666666,0.0,1.0,0.0,0.0,0.0,0.0,0.0,1.0,0.0,0.0,0.0,0.0
2015-11-01,197.48698330344791,223.94298058283334,10.240625,0.0,1.0,0.0,0.0,0.0,0.0,0.0,0.0,1.0,0.0,0.0,0.0
2015-11-02,204.56025524345833,234.60509429548958,7.463541666666667,0.0,1.0,0.0,0.0,0.0,0.0,1.0,0.0,0.0,0.0,0.0,0.0
2015-11-03,216.47506818344792,239.13525875009375,11.317708333333334,0.0,1.0,0.0,0.0,0.0,0.0,0.0,0.0,0.0,0.0,1.0,0.0
2015-11-04,235.87873097875,249.65128321154168,13.084375,0.0,1.0,0.0,0.0,0.0,0.0,0.0,0.0,0.0,0.0,0.0,1.0
2015-11-05,242.2460738594375,270.2962094149896,13.983854166666667,0.0,1.0,0.0,0.0,0.0,0.0,0.0,0.0,0.0,1.0,0.0,0.0
2015-11-06,248.06448883683333,290.2055418030104,15.585416666666667,0.0,1.0,0.0,0.0,0.0,1.0,0.0,0.0,0.0,0.0,0.0,0.0
2015-11-07,254.01496816908332,313.37559278501044,17.184375,0.0,1.0,0.0,0.0,0.0,0.0,0.0,1.0,0.0,0.0,0.0,0.0
2015-11-08,258.2158163889896,337.658087606125,14.254687500000001,0.0,1.0,0.0,0.0,0.0,0.0,0.0,0.0,1.0,0.0,0.0,0.0
2015-11-09,262.12898655403126,358.8125851680729,14.241145833333334,0.0,1.0,0.0,0.0,0.0,0.0,1.0,0.0,0.0,0.0,0.0,0.0
2015-11-10,265.8104170428125,381.4060720523646,13.243229166666666,0.0,1.0,0.0,0.0,0.0,0.0,0.0,0.0,0.0,0.0,1.0,0.0
2015-11-11,269.68921549614583,400.5294263638125,12.00625,0.0,1.0,0.0,0.0,0.0,0.0,0.0,0.0,0.0,0.0,0.0,1.0
2015-11-12,275.12165093208336,412.18691332535417,12.979166666666666,0.0,1.0,0.0,0.0,0.0,0.0,0.0,0.0,0.0,1.0,0.0,0.0
2015-11-13,286.6479668484271,422.2164553171354,11.491145833333334,0.0,1.0,0.0,0.0,0.0,1.0,0.0,0.0,0.0,0.0,0.0,0.0
2015-11-14,293.79721779038545,441.42475578003126,8.792187499999999,0.0,1.0,0.0,0.0,0.0,0.0,0.0,1.0,0.0,0.0,0.0,0.0
2015-11-15,297.9870880447292,465.1151632451875,13.549999999999999,0.0,1.0,0.0,0.0,0.0,0.0,0.0,0.0,1.0,0.0,0.0,0.0
2015-11-16,302.24094855040624,485.2707217549271,12.129166666666668,0.0,1.0,0.0,0.0,0.0,0.0,1.0,0.0,0.0,0.0,0.0,0.0
2015-11-17,308.6087447237604,496.7187000209271,14.071875,0.0,1.0,0.0,0.0,0.0,0.0,0.0,0.0,0.0,0.0,1.0,0.0
2015-11-18,314.78413634964585,510.9378310579271,12.997916666666667,0.0,1.0,0.0,0.0,0.0,0.0,0.0,0.0,0.0,0.0,0.0,1.0
2015-11-19,320.0421966677083,534.1873393712084,11.133333333333333,0.0,1.0,0.0,0.0,0.0,0.0,0.0,0.0,0.0,1.0,0.0,0.0
2015-11-20,326.6070408694896,546.4298570709583,7.907291666666667,0.0,1.0,0.0,0.0,0.0,1.0,0.0,0.0,0.0,0.0,0.0,0.0
2015-11-21,340.414564435125,548.9287161089063,3.713020833333333,0.0,1.0,0.0,0.0,0.0,0.0,0.0,1.0,0.0,0.0,0.0,0.0
2015-11-22,359.5552084309375,552.1907251034479,2.3989583333333333,0.0,1.0,0.0,0.0,0.0,0.0,0.0,0.0,1.0,0.0,0.0,0.0
2015-11-23,377.53739175286455,561.9859096885625,1.7999999999999998,0.0,1.0,0.0,0.0,0.0,0.0,1.0,0.0,0.0,0.0,0.0,0.0
2015-11-24,393.2667523120208,577.5571445290833,3.203125,0.0,1.0,0.0,0.0,0.0,0.0,0.0,0.0,0.0,0.0,1.0,0.0
2015-11-25,410.4724462836354,584.9482405321354,5.643229166666667,0.0,1.0,0.0,0.0,0.0,0.0,0.0,0.0,0.0,0.0,0.0,1.0
2015-11-26,428.2404675643542,587.6454671350208,4.635416666666667,0.0,1.0,0.0,0.0,0.0,0.0,0.0,0.0,0.0,1.0,0.0,0.0
2015-11-27,447.1884872907292,592.1021644555,3.6989583333333336,0.0,1.0,0.0,0.0,0.0,1.0,0.0,0.0,0.0,0.0,0.0,0.0
2015-11-28,470.86643677318744,594.9676558656771,6.036979166666666,0.0,1.0,0.0,0.0,0.0,0.0,0.0,1.0,0.0,0.0,0.0,0.0
2015-11-29,496.5858494828958,596.5860731820104,9.863541666666666,0.0,1.0,0.0,0.0,0.0,0.0,0.0,0.0,1.0,0.0,0.0,0.0
2015-11-30,516.5141733286979,599.5524593134375,9.9546875,0.0,1.0,0.0,0.0,0.0,0.0,1.0,0.0,0.0,0.0,0.0,0.0
2015-12-01,531.8425447276146,603.5739077586562,11.426562500000001,0.0,0.0,0.0,0.0,1.0,0.0,0.0,0.0,0.0,0.0,1.0,0.0
2015-12-02,549.02369257475,610.8810163302604,10.482291666666667,0.0,0.0,0.0,0.0,1.0,0.0,0.0,0.0,0.0,0.0,0.0,1.0
2015-12-03,566.9759396577396,617.7195010934063,8.973958333333334,0.0,0.0,0.0,0.0,1.0,0.0,0.0,0.0,0.0,1.0,0.0,0.0
2015-12-04,587.020547747927,619.9340496997291,8.699479166666666,0.0,0.0,0.0,0.0,1.0,1.0,0.0,0.0,0.0,0.0,0.0,0.0
2015-12-05,610.4807673065833,621.7321618924167,7.20625,0.0,0.0,0.0,0.0,1.0,0.0,0.0,1.0,0.0,0.0,0.0,0.0
2015-12-06,636.5335749942604,625.4343254441042,9.666666666666666,0.0,0.0,0.0,0.0,1.0,0.0,0.0,0.0,1.0,0.0,0.0,0.0
2015-12-07,654.8846968706874,629.8672469294376,10.411458333333334,0.0,0.0,0.0,0.0,1.0,0.0,1.0,0.0,0.0,0.0,0.0,0.0
2015-12-08,672.1903265825729,631.8541953714583,9.906770833333333,0.0,0.0,0.0,0.0,1.0,0.0,0.0,0.0,0.0,0.0,1.0,0.0
2015-12-09,693.5164901524375,633.2139019851354,7.022916666666667,0.0,0.0,0.0,0.0,1.0,0.0,0.0,0.0,0.0,0.0,0.0,1.0
2015-12-10,716.595075499448,634.1780970219271,4.3046875,0.0,0.0,0.0,0.0,1.0,0.0,0.0,0.0,0.0,1.0,0.0,0.0
2015-12-11,737.4536597949896,641.0074961182396,6.371354166666666,0.0,0.0,0.0,0.0,1.0,1.0,0.0,0.0,0.0,0.0,0.0,0.0
2015-12-12,761.3159664902083,650.298792696625,8.417187499999999,0.0,0.0,0.0,0.0,1.0,0.0,0.0,1.0,0.0,0.0,0.0,0.0
2015-12-13,788.4978163472605,656.6623606511874,8.473437500000001,0.0,0.0,0.0,0.0,1.0,0.0,0.0,0.0,1.0,0.0,0.0,0.0
2015-12-14,810.0014536765001,660.9523501882708,6.927083333333333,0.0,0.0,0.0,0.0,1.0,0.0,1.0,0.0,0.0,0.0,0.0,0.0
2015-12-15,832.0504056475521,662.7949973722708,8.4609375,0.0,0.0,0.0,0.0,1.0,0.0,0.0,0.0,0.0,0.0,1.0,0.0
2015-12-16,854.5189362148958,664.7452590517188,11.886979166666668,0.0,0.0,0.0,0.0,1.0,0.0,0.0,0.0,0.0,0.0,0.0,1.0
2015-12-17,873.4583437105416,671.8104954919376,13.989583333333334,0.0,0.0,0.0,0.0,1.0,0.0,0.0,0.0,0.0,1.0,0.0,0.0
2015-12-18,888.9094054253854,680.6702104276042,11.680729166666666,0.0,0.0,0.0,0.0,1.0,1.0,0.0,0.0,0.0,0.0,0.0,0.0
2015-12-19,906.1721255882395,683.8168212465521,12.533854166666666,0.0,0.0,0.0,0.0,1.0,0.0,0.0,1.0,0.0,0.0,0.0,0.0
2015-12-20,927.4434141190521,685.352126661,11.9203125,0.0,0.0,0.0,0.0,1.0,0.0,0.0,0.0,1.0,0.0,0.0,0.0
2015-12-21,948.1609938609063,686.498794871573,10.6625,0.0,0.0,0.0,0.0,1.0,0.0,1.0,0.0,0.0,0.0,0.0,0.0
2015-12-22,967.1684357624167,693.5759429059167,11.963541666666666,0.0,0.0,0.0,0.0,1.0,0.0,0.0,0.0,0.0,0.0,1.0,0.0
2015-12-23,984.0680448273646,703.7854083044584,10.169270833333334,0.0,0.0,0.0,0.0,1.0,0.0,0.0,0.0,0.0,0.0,0.0,1.0
2015-12-24,999.7813367870417,711.9026524184792,10.267708333333333,0.0,0.0,0.0,0.0,1.0,0.0,0.0,0.0,0.0,1.0,0.0,0.0
2015-12-25,1013.9625161466666,724.518673750125,9.8734375,0.0,0.0,0.0,0.0,1.0,1.0,0.0,0.0,0.0,0.0,0.0,0.0
2015-12-26,1026.4498836963542,736.0350806491874,11.965104166666668,0.0,0.0,0.0,0.0,1.0,0.0,0.0,1.0,0.0,0.0,0.0,0.0
2015-12-27,1042.07035427375,742.3361256821876,10.40625,0.0,0.0,0.0,0.0,1.0,0.0,0.0,0.0,1.0,0.0,0.0,0.0
2015-12-28,1067.4558151793751,744.9770159705,9.484375,0.0,0.0,0.0,0.0,1.0,0.0,1.0,0.0,0.0,0.0,0.0,0.0
2015-12-29,1093.6445992090623,746.3939993259168,8.744791666666666,0.0,0.0,0.0,0.0,1.0,0.0,0.0,0.0,0.0,0.0,1.0,0.0
2015-12-30,1118.2786698475,748.3296686746459,7.477604166666667,0.0,0.0,0.0,0.0,1.0,0.0,0.0,0.0,0.0,0.0,0.0,1.0
2015-12-31,1141.0569476482292,749.4525735535208,8.200520833333334,0.0,0.0,0.0,0.0,1.0,0.0,0.0,0.0,0.0,1.0,0.0,0.0
2016-01-01,1164.6486437534375,749.8910222086146,5.5453125000000005,0.0,0.0,0.0,0.0,1.0,1.0,0.0,0.0,0.0,0.0,0.0,0.0
2016-01-02,1188.91751218,750.3571616701771,7.89375,0.0,0.0,0.0,0.0,1.0,0.0,0.0,1.0,0.0,0.0,0.0,0.0
2016-01-03,1212.7943237335417,752.0668428631666,6.202604166666667,0.0,0.0,0.0,0.0,1.0,0.0,0.0,0.0,1.0,0.0,0.0,0.0
2016-01-04,1234.7160825040626,756.0346370817083,6.695833333333333,0.0,0.0,0.0,0.0,1.0,0.0,1.0,0.0,0.0,0.0,0.0,0.0
2016-01-05,1255.9087664638541,764.2947344428125,6.552083333333333,0.0,0.0,0.0,0.0,1.0,0.0,0.0,0.0,0.0,0.0,1.0,0.0
2016-01-06,1277.993859953854,770.7652027613229,6.666666666666667,0.0,0.0,0.0,0.0,1.0,0.0,0.0,0.0,0.0,0.0,0.0,1.0
2016-01-07,1298.715606045625,773.1575454650209,6.314583333333334,0.0,0.0,0.0,0.0,1.0,0.0,0.0,0.0,0.0,1.0,0.0,0.0
2016-01-08,1323.727977175625,774.6193447233228,4.943229166666667,0.0,0.0,0.0,0.0,1.0,1.0,0.0,0.0,0.0,0.0,0.0,0.0
2016-01-09,1347.4464704675,775.2219480104167,6.175520833333334,0.0,0.0,0.0,0.0,1.0,0.0,0.0,1.0,0.0,0.0,0.0,0.0
2016-01-10,1369.4656176431251,775.6781426504687,6.4624999999999995,0.0,0.0,0.0,0.0,1.0,0.0,0.0,0.0,1.0,0.0,0.0,0.0
2016-01-11,1392.7901344635418,777.0753501690625,5.5203125,0.0,0.0,0.0,0.0,1.0,0.0,1.0,0.0,0.0,0.0,0.0,0.0
2016-01-12,1411.8453225056248,783.446014870375,5.456770833333334,0.0,0.0,0.0,0.0,1.0,0.0,0.0,0.0,0.0,0.0,1.0,0.0
2016-01-13,1434.4076139931249,788.6078798505208,4.8125,0.0,0.0,0.0,0.0,1.0,0.0,0.0,0.0,0.0,0.0,0.0,1.0
2016-01-14,1460.5813685893752,791.2421532705416,2.9968749999999997,0.0,0.0,0.0,0.0,1.0,0.0,0.0,0.0,0.0,1.0,0.0,0.0
2016-01-15,1485.6003667703126,795.0722330062499,1.8328125000000002,0.0,0.0,0.0,0.0,1.0,1.0,0.0,0.0,0.0,0.0,0.0,0.0
2016-01-16,1513.28304042375,797.3040407391978,2.097916666666667,0.0,0.0,0.0,0.0,1.0,0.0,0.0,1.0,0.0,0.0,0.0,0.0
2016-01-17,1538.5757673466667,797.321951651125,-0.6927083333333334,0.0,0.0,0.0,0.0,1.0,0.0,0.0,0.0,1.0,0.0,0.0,0.0
2016-01-18,1568.4329759339582,797.480261587625,-4.028125,0.0,0.0,0.0,0.0,1.0,0.0,1.0,0.0,0.0,0.0,0.0,0.0
2016-01-19,1597.97456709,797.6426201895416,-3.2885416666666667,0.0,0.0,0.0,0.0,1.0,0.0,0.0,0.0,0.0,0.0,1.0,0.0
2016-01-20,1629.5831182568752,797.6526909903229,-0.8307291666666666,0.0,0.0,0.0,0.0,1.0,0.0,0.0,0.0,0.0,0.0,0.0,1.0
2016-01-21,1663.1316795034375,803.4790535274375,0.3755208333333333,0.0,0.0,0.0,0.0,1.0,0.0,0.0,0.0,0.0,1.0,0.0,0.0
2016-01-22,1683.521345120521,815.6723334114167,1.8703125,0.0,0.0,0.0,0.0,1.0,1.0,0.0,0.0,0.0,0.0,0.0,0.0
2016-01-23,1703.97268859375,824.6295880657395,5.8671875,0.0,0.0,0.0,0.0,1.0,0.0,0.0,1.0,0.0,0.0,0.0,0.0
2016-01-24,1727.5448938085417,829.1776446325938,7.039583333333333,0.0,0.0,0.0,0.0,1.0,0.0,0.0,0.0,1.0,0.0,0.0,0.0
2016-01-25,1747.7508377091665,840.2782448115937,10.441666666666666,0.0,0.0,0.0,0.0,1.0,0.0,1.0,0.0,0.0,0.0,0.0,0.0
2016-01-26,1762.7088176854168,861.0830084602188,9.765625,0.0,0.0,0.0,0.0,1.0,0.0,0.0,0.0,0.0,0.0,1.0,0.0
2016-01-27,1779.2697210024999,875.4660188885313,9.981250000000001,0.0,0.0,0.0,0.0,1.0,0.0,0.0,0.0,0.0,0.0,0.0,1.0
2016-01-28,1798.5399151003123,878.7874739085624,6.0703125,0.0,0.0,0.0,0.0,1.0,0.0,0.0,0.0,0.0,1.0,0.0,0.0
2016-01-29,1817.0761736030208,886.1187212927397,7.266145833333333,0.0,0.0,0.0,0.0,1.0,1.0,0.0,0.0,0.0,0.0,0.0,0.0
2016-01-30,1831.0829995959375,900.7984401821772,6.377083333333334,0.0,0.0,0.0,0.0,1.0,0.0,0.0,1.0,0.0,0.0,0.0,0.0
2016-01-31,1853.7155121447915,907.3526218171459,6.932291666666667,0.0,0.0,0.0,0.0,1.0,0.0,0.0,0.0,1.0,0.0,0.0,0.0
2016-02-01,1875.3653146838542,914.7568342600625,10.4546875,0.0,0.0,0.0,0.0,1.0,0.0,1.0,0.0,0.0,0.0,0.0,0.0
2016-02-02,1888.5860179858335,926.0221697790416,7.605208333333334,0.0,0.0,0.0,0.0,1.0,0.0,0.0,0.0,0.0,0.0,1.0,0.0
2016-02-03,1905.0749636659375,931.9043845705104,4.219791666666667,0.0,0.0,0.0,0.0,1.0,0.0,0.0,0.0,0.0,0.0,0.0,1.0
2016-02-04,1926.2814051067708,935.5453407812291,5.365104166666666,0.0,0.0,0.0,0.0,1.0,0.0,0.0,0.0,0.0,1.0,0.0,0.0
2016-02-05,1944.4253229515625,941.8447812587292,8.644791666666666,0.0,0.0,0.0,0.0,1.0,1.0,0.0,0.0,0.0,0.0,0.0,0.0
2016-02-06,1962.208563446771,950.2197793444375,9.630729166666667,0.0,0.0,0.0,0.0,1.0,0.0,0.0,1.0,0.0,0.0,0.0,0.0
2016-02-07,1981.8935649819794,958.1890307409375,8.106250000000001,0.0,0.0,0.0,0.0,1.0,0.0,0.0,0.0,1.0,0.0,0.0,0.0
2016-02-08,1998.423004178125,970.9005429251042,7.6640625,0.0,0.0,0.0,0.0,1.0,0.0,1.0,0.0,0.0,0.0,0.0,0.0
2016-02-09,2016.9705541096876,976.6369163088542,4.508854166666667,0.0,0.0,0.0,0.0,1.0,0.0,0.0,0.0,0.0,0.0,1.0,0.0
2016-02-10,2038.9602094446875,980.0773517420729,3.7708333333333335,0.0,0.0,0.0,0.0,1.0,0.0,0.0,0.0,0.0,0.0,0.0,1.0
2016-02-11,2056.654379896458,994.3392748436249,3.4583333333333335,0.0,0.0,0.0,0.0,1.0,0.0,0.0,0.0,0.0,1.0,0.0,0.0
2016-02-12,2073.0949464517707,1013.0758366035416,2.790104166666667,0.0,0.0,0.0,0.0,1.0,1.0,0.0,0.0,0.0,0.0,0.0,0.0
2016-02-13,2089.2779902082293,1024.6765313234375,1.3369791666666666,0.0,0.0,0.0,0.0,1.0,0.0,0.0,1.0,0.0,0.0,0.0,0.0
2016-02-14,2105.2541931097917,1032.8605401028124,1.8890624999999999,0.0,0.0,0.0,0.0,1.0,0.0,0.0,0.0,1.0,0.0,0.0,0.0
2016-02-15,2125.4369831326044,1035.947443455,2.5328125,0.0,0.0,0.0,0.0,1.0,0.0,1.0,0.0,0.0,0.0,0.0,0.0
2016-02-16,2146.9993399927084,1037.2836019541667,-0.01354166666666668,0.0,0.0,0.0,0.0,1.0,0.0,0.0,0.0,0.0,0.0,1.0,0.0
2016-02-17,2167.4728839642707,1038.4535382158333,0.3614583333333334,0.0,0.0,0.0,0.0,1.0,0.0,0.0,0.0,0.0,0.0,0.0,1.0
2016-02-18,2186.320147955729,1049.5946758104167,1.5442708333333333,0.0,0.0,0.0,0.0,1.0,0.0,0.0,0.0,0.0,1.0,0.0,0.0
2016-02-19,2202.7391558213544,1060.4109497746874,3.5588541666666664,0.0,0.0,0.0,0.0,1.0,1.0,0.0,0.0,0.0,0.0,0.0,0.0
2016-02-20,2224.0876172691665,1062.83243952625,7.904166666666666,0.0,0.0,0.0,0.0,1.0,0.0,0.0,1.0,0.0,0.0,0.0,0.0
2016-02-21,2254.051929378646,1070.3785474771876,10.349479166666667,0.0,0.0,0.0,0.0,1.0,0.0,0.0,0.0,1.0,0.0,0.0,0.0
2016-02-22,2268.239743919062,1093.4051979497917,7.159375,0.0,0.0,0.0,0.0,1.0,0.0,1.0,0.0,0.0,0.0,0.0,0.0
2016-02-23,2280.6346842422918,1109.6869567092708,3.338020833333333,0.0,0.0,0.0,0.0,1.0,0.0,0.0,0.0,0.0,0.0,1.0,0.0
2016-02-24,2296.497523675729,1116.9599379472916,2.078125,0.0,0.0,0.0,0.0,1.0,0.0,0.0,0.0,0.0,0.0,0.0,1.0
2016-02-25,2316.2294423604167,1120.5812629991667,1.796354166666667,0.0,0.0,0.0,0.0,1.0,0.0,0.0,0.0,0.0,1.0,0.0,0.0
2016-02-26,2335.3866141122917,1130.9454019980208,2.379166666666667,0.0,0.0,0.0,0.0,1.0,1.0,0.0,0.0,0.0,0.0,0.0,0.0
2016-02-27,2348.2116209167707,1159.8638077089583,2.7854166666666664,0.0,0.0,0.0,0.0,1.0,0.0,0.0,1.0,0.0,0.0,0.0,0.0
2016-02-28,2360.3189328497915,1184.311733441771,2.3020833333333335,0.0,0.0,0.0,0.0,1.0,0.0,0.0,0.0,1.0,0.0,0.0,0.0
2016-02-29,2377.682440611354,1190.8244557792707,2.4270833333333335,0.0,0.0,0.0,0.0,1.0,0.0,1.0,0.0,0.0,0.0,0.0,0.0
2016-03-01,2398.5272167806247,1193.2985041739582,2.321875,0.0,0.0,1.0,0.0,0.0,0.0,0.0,0.0,0.0,0.0,1.0,0.0
2016-03-02,2417.6468328864585,1198.7508021695833,5.0265625,0.0,0.0,1.0,0.0,0.0,0.0,0.0,0.0,0.0,0.0,0.0,1.0
2016-03-03,2437.9660648428126,1206.6616068070832,3.1140624999999997,0.0,0.0,1.0,0.0,0.0,0.0,0.0,0.0,0.0,1.0,0.0,0.0
2016-03-04,2457.5798746797914,1216.1342695616665,2.899479166666667,0.0,0.0,1.0,0.0,0.0,1.0,0.0,0.0,0.0,0.0,0.0,0.0
2016-03-05,2476.4185021939584,1221.383413044479,2.222916666666667,0.0,0.0,1.0,0.0,0.0,0.0,0.0,1.0,0.0,0.0,0.0,0.0
2016-03-06,2500.117074111354,1227.3925776645833,2.6822916666666665,0.0,0.0,1.0,0.0,0.0,0.0,0.0,0.0,1.0,0.0,0.0,0.0
2016-03-07,2520.46275461625,1241.675669209896,1.4244791666666667,0.0,0.0,1.0,0.0,0.0,0.0,1.0,0.0,0.0,0.0,0.0,0.0
2016-03-08,2536.1509395991666,1256.9281505955207,2.790104166666667,0.0,0.0,1.0,0.0,0.0,0.0,0.0,0.0,0.0,0.0,1.0,0.0
2016-03-09,2551.929261189271,1278.787202044479,4.891145833333334,0.0,0.0,1.0,0.0,0.0,0.0,0.0,0.0,0.0,0.0,0.0,1.0
2016-03-10,2566.569611579583,1309.4565392443749,4.728645833333333,0.0,0.0,1.0,0.0,0.0,0.0,0.0,0.0,0.0,1.0,0.0,0.0
2016-03-11,2578.8588463035417,1336.6639852056248,5.016666666666667,0.0,0.0,1.0,0.0,0.0,1.0,0.0,0.0,0.0,0.0,0.0,0.0
2016-03-12,2592.5806194869792,1347.2062644503123,4.225,0.0,0.0,1.0,0.0,0.0,0.0,0.0,1.0,0.0,0.0,0.0,0.0
2016-03-13,2608.6075485660417,1358.6658197162499,4.072916666666667,0.0,0.0,1.0,0.0,0.0,0.0,0.0,0.0,1.0,0.0,0.0,0.0
2016-03-14,2623.1011397684374,1372.205076638229,3.2458333333333336,0.0,0.0,1.0,0.0,0.0,0.0,1.0,0.0,0.0,0.0,0.0,0.0
2016-03-15,2639.494989875625,1382.7620526938542,4.853645833333333,0.0,0.0,1.0,0.0,0.0,0.0,0.0,0.0,0.0,0.0,1.0,0.0
2016-03-16,2658.7316340911457,1401.279184899375,5.080729166666667,0.0,0.0,1.0,0.0,0.0,0.0,0.0,0.0,0.0,0.0,0.0,1.0
2016-03-17,2671.493081211354,1434.7920399967707,5.441666666666666,0.0,0.0,1.0,0.0,0.0,0.0,0.0,0.0,0.0,1.0,0.0,0.0
2016-03-18,2681.7594809802085,1474.8806139233332,3.9958333333333336,0.0,0.0,1.0,0.0,0.0,1.0,0.0,0.0,0.0,0.0,0.0,0.0
2016-03-19,2686.5314116822915,1517.092709436979,5.416666666666667,0.0,0.0,1.0,0.0,0.0,0.0,0.0,1.0,0.0,0.0,0.0,0.0
2016-03-20,2691.6300725251044,1545.3567555952084,5.840624999999999,0.0,0.0,1.0,0.0,0.0,0.0,0.0,0.0,1.0,0.0,0.0,0.0
2016-03-21,2698.3706487017707,1566.8946790854168,6.977083333333333,0.0,0.0,1.0,0.0,0.0,0.0,1.0,0.0,0.0,0.0,0.0,0.0
2016-03-22,2707.7194876204167,1593.8161786633334,7.050520833333334,0.0,0.0,1.0,0.0,0.0,0.0,0.0,0.0,0.0,0.0,1.0,0.0
2016-03-23,2718.78709018125,1612.241705532604,6.680729166666667,0.0,0.0,1.0,0.0,0.0,0.0,0.0,0.0,0.0,0.0,0.0,1.0
2016-03-24,2731.989949508125,1626.6576021734375,7.015104166666667,0.0,0.0,1.0,0.0,0.0,0.0,0.0,0.0,0.0,1.0,0.0,0.0
2016-03-25,2743.470395501458,1643.0784303211458,6.58125,0.0,0.0,1.0,0.0,0.0,1.0,0.0,0.0,0.0,0.0,0.0,0.0
2016-03-26,2758.1706100397914,1664.661042634479,9.019791666666666,0.0,0.0,1.0,0.0,0.0,0.0,0.0,1.0,0.0,0.0,0.0,0.0
2016-03-27,2769.0300623801045,1692.1621195955206,8.575000000000001,0.0,0.0,1.0,0.0,0.0,0.0,0.0,0.0,1.0,0.0,0.0,0.0
2016-03-28,2780.5595555332293,1713.5572794432292,8.475520833333333,0.0,0.0,1.0,0.0,0.0,0.0,1.0,0.0,0.0,0.0,0.0,0.0
2016-03-29,2785.4925345687498,1745.7891684171875,7.870833333333334,0.0,0.0,1.0,0.0,0.0,0.0,0.0,0.0,0.0,0.0,1.0,0.0
2016-03-30,2789.0000742104166,1774.246968145625,8.771354166666667,0.0,0.0,1.0,0.0,0.0,0.0,0.0,0.0,0.0,0.0,0.0,1.0
2016-03-31,2792.556736242708,1807.236093821875,7.022395833333333,0.0,0.0,1.0,0.0,0.0,0.0,0.0,0.0,0.0,1.0,0.0,0.0
2016-04-01,2797.145417451667,1830.2654035229168,7.428645833333333,0.0,0.0,1.0,0.0,0.0,1.0,0.0,0.0,0.0,0.0,0.0,0.0
2016-04-02,2802.798157602187,1851.0217121419792,9.902083333333334,0.0,0.0,1.0,0.0,0.0,0.0,0.0,1.0,0.0,0.0,0.0,0.0
2016-04-03,2807.521718072187,1884.905749851979,15.141145833333333,0.0,0.0,1.0,0.0,0.0,0.0,0.0,0.0,1.0,0.0,0.0,0.0
2016-04-04,2810.6422666509375,1926.504640185625,12.209895833333334,0.0,0.0,1.0,0.0,0.0,0.0,1.0,0.0,0.0,0.0,0.0,0.0
2016-04-05,2814.219214643125,1969.5957109698957,10.440104166666666,0.0,0.0,1.0,0.0,0.0,0.0,0.0,0.0,0.0,0.0,1.0,0.0
2016-04-06,2817.4001113759373,2000.443932314479,8.356250000000001,0.0,0.0,1.0,0.0,0.0,0.0,0.0,0.0,0.0,0.0,0.0,1.0
2016-04-07,2820.343178966354,2021.98800662125,7.297395833333333,0.0,0.0,1.0,0.0,0.0,0.0,0.0,0.0,0.0,1.0,0.0,0.0
2016-04-08,2824.8784704222912,2031.656893748854,7.5062500000000005,0.0,0.0,1.0,0.0,0.0,1.0,0.0,0.0,0.0,0.0,0.0,0.0
2016-04-09,2834.0133028916666,2036.921759232604,9.521354166666667,0.0,0.0,1.0,0.0,0.0,0.0,0.0,1.0,0.0,0.0,0.0,0.0
2016-04-10,2847.8032592183336,2061.346814398646,10.039583333333333,0.0,0.0,1.0,0.0,0.0,0.0,0.0,0.0,1.0,0.0,0.0,0.0
2016-04-11,2850.9311265118754,2113.664820146146,13.414583333333333,0.0,0.0,1.0,0.0,0.0,0.0,1.0,0.0,0.0,0.0,0.0,0.0
2016-04-12,2854.5180144700003,2160.1758726608336,10.575520833333334,0.0,0.0,1.0,0.0,0.0,0.0,0.0,0.0,0.0,0.0,1.0,0.0
2016-04-13,2857.7507521204166,2190.574786263021,8.429166666666667,0.0,0.0,1.0,0.0,0.0,0.0,0.0,0.0,0.0,0.0,0.0,1.0
2016-04-14,2860.759476494375,2215.0774721175,9.711979166666667,0.0,0.0,1.0,0.0,0.0,0.0,0.0,0.0,0.0,1.0,0.0,0.0
2016-04-15,2863.9503086177083,2237.6908427757294,11.278125000000001,0.0,0.0,1.0,0.0,0.0,1.0,0.0,0.0,0.0,0.0,0.0,0.0
2016-04-16,2868.819580448646,2252.1280472396875,8.508333333333333,0.0,0.0,1.0,0.0,0.0,0.0,0.0,1.0,0.0,0.0,0.0,0.0
2016-04-17,2875.1993891654165,2266.7131012014584,5.936458333333333,0.0,0.0,1.0,0.0,0.0,0.0,0.0,0.0,1.0,0.0,0.0,0.0
2016-04-18,2882.1891568753126,2273.135567520834,7.063020833333333,0.0,0.0,1.0,0.0,0.0,0.0,1.0,0.0,0.0,0.0,0.0,0.0
2016-04-19,2895.5809745958336,2300.392679345104,9.219791666666667,0.0,0.0,1.0,0.0,0.0,0.0,0.0,0.0,0.0,0.0,1.0,0.0
2016-04-20,2899.3546651925003,2355.370930919271,9.350520833333333,0.0,0.0,1.0,0.0,0.0,0.0,0.0,0.0,0.0,0.0,0.0,1.0
2016-04-21,2901.8392343303126,2408.333473918958,12.3984375,0.0,0.0,1.0,0.0,0.0,0.0,0.0,0.0,0.0,1.0,0.0,0.0
2016-04-22,2904.604009840417,2451.742924192083,10.466145833333334,0.0,0.0,1.0,0.0,0.0,1.0,0.0,0.0,0.0,0.0,0.0,0.0
2016-04-23,2909.169678105625,2477.9837950091664,6.320833333333333,0.0,0.0,1.0,0.0,0.0,0.0,0.0,1.0,0.0,0.0,0.0,0.0
2016-04-24,2915.613130921771,2492.5688489709373,3.705208333333333,0.0,0.0,1.0,0.0,0.0,0.0,0.0,0.0,1.0,0.0,0.0,0.0
2016-04-25,2924.634183257292,2509.3570077959375,4.200520833333333,0.0,0.0,1.0,0.0,0.0,0.0,1.0,0.0,0.0,0.0,0.0,0.0
2016-04-26,2935.063400585312,2528.9644689954166,3.177604166666667,0.0,0.0,1.0,0.0,0.0,0.0,0.0,0.0,0.0,0.0,1.0,0.0
2016-04-27,2947.242778105104,2559.489484102812,4.297916666666667,0.0,0.0,1.0,0.0,0.0,0.0,0.0,0.0,0.0,0.0,0.0,1.0
2016-04-28,2956.13447913,2601.925365103021,4.822395833333333,0.0,0.0,1.0,0.0,0.0,0.0,0.0,0.0,0.0,1.0,0.0,0.0
2016-04-29,2964.3420053991667,2647.364663948229,6.738541666666666,0.0,0.0,1.0,0.0,0.0,1.0,0.0,0.0,0.0,0.0,0.0,0.0
2016-04-30,2968.8542089957296,2702.34642720125,7.380729166666666,0.0,0.0,1.0,0.0,0.0,0.0,0.0,1.0,0.0,0.0,0.0,0.0
2016-05-01,2973.689889513021,2726.6265625666665,8.611458333333333,0.0,0.0,1.0,0.0,0.0,0.0,0.0,0.0,1.0,0.0,0.0,0.0
2016-05-02,2978.868490395729,2749.4178422378122,10.904166666666667,0.0,0.0,1.0,0.0,0.0,0.0,1.0,0.0,0.0,0.0,0.0,0.0
2016-05-03,2983.016964588646,2782.753340023542,9.972916666666666,0.0,0.0,1.0,0.0,0.0,0.0,0.0,0.0,0.0,0.0,1.0,0.0
2016-05-04,2987.3175163869796,2819.033616961042,10.311979166666667,0.0,0.0,1.0,0.0,0.0,0.0,0.0,0.0,0.0,0.0,0.0,1.0
2016-05-05,2991.214343799062,2872.226299057396,13.443229166666667,0.0,0.0,1.0,0.0,0.0,0.0,0.0,0.0,0.0,1.0,0.0,0.0
2016-05-06,2994.5073493775,2929.3678875154164,16.670833333333334,0.0,0.0,1.0,0.0,0.0,1.0,0.0,0.0,0.0,0.0,0.0,0.0
2016-05-07,2996.767906580521,2986.9502293086457,19.447916666666668,0.0,0.0,1.0,0.0,0.0,0.0,0.0,1.0,0.0,0.0,0.0,0.0
2016-05-08,2999.344836572604,3044.5825366144795,19.7921875,0.0,0.0,1.0,0.0,0.0,0.0,0.0,0.0,1.0,0.0,0.0,0.0
2016-05-09,3001.9777775364582,3093.8946458033333,19.188541666666666,0.0,0.0,1.0,0.0,0.0,0.0,1.0,0.0,0.0,0.0,0.0,0.0
2016-05-10,3005.3640886639582,3132.241920340937,16.170312499999998,0.0,0.0,1.0,0.0,0.0,0.0,0.0,0.0,0.0,0.0,1.0,0.0
2016-05-11,3008.325230525729,3162.04019133875,18.111979166666668,0.0,0.0,1.0,0.0,0.0,0.0,0.0,0.0,0.0,0.0,0.0,1.0
2016-05-12,3011.4609319679166,3174.766115175104,17.566145833333334,0.0,0.0,1.0,0.0,0.0,0.0,0.0,0.0,0.0,1.0,0.0,0.0
2016-05-13,3018.4509285362496,3179.815688461667,16.7484375,0.0,0.0,1.0,0.0,0.0,1.0,0.0,0.0,0.0,0.0,0.0,0.0
2016-05-14,3027.015814478125,3191.808998277187,9.036979166666667,0.0,0.0,1.0,0.0,0.0,0.0,0.0,1.0,0.0,0.0,0.0,0.0
2016-05-15,3030.3023620984372,3224.0931294855204,8.702083333333333,0.0,0.0,1.0,0.0,0.0,0.0,0.0,0.0,1.0,0.0,0.0,0.0
2016-05-16,3032.9355840581247,3260.2061745097913,10.285937500000001,0.0,0.0,1.0,0.0,0.0,0.0,1.0,0.0,0.0,0.0,0.0,0.0
2016-05-17,3034.546013434687,3290.8383358013543,12.907291666666666,0.0,0.0,1.0,0.0,0.0,0.0,0.0,0.0,0.0,0.0,1.0,0.0
2016-05-18,3036.084974208854,3337.5371550411455,13.268749999999999,0.0,0.0,1.0,0.0,0.0,0.0,0.0,0.0,0.0,0.0,0.0,1.0
2016-05-19,3037.7273580436463,3375.1312340423956,12.775,0.0,0.0,1.0,0.0,0.0,0.0,0.0,0.0,0.0,1.0,0.0,0.0
2016-05-20,3039.2752397548957,3418.3808148591665,13.989583333333334,0.0,0.0,1.0,0.0,0.0,1.0,0.0,0.0,0.0,0.0,0.0,0.0
2016-05-21,3041.1780717611455,3476.7460288125,17.988020833333334,0.0,0.0,1.0,0.0,0.0,0.0,0.0,1.0,0.0,0.0,0.0,0.0
2016-05-22,3043.582032983542,3526.4053423958335,15.331249999999999,0.0,0.0,1.0,0.0,0.0,0.0,0.0,0.0,1.0,0.0,0.0,0.0
2016-05-23,3047.0844116394787,3554.996141250938,11.404166666666667,0.0,0.0,1.0,0.0,0.0,0.0,1.0,0.0,0.0,0.0,0.0,0.0
2016-05-24,3050.2615775037502,3570.7735342858336,11.155729166666667,0.0,0.0,1.0,0.0,0.0,0.0,0.0,0.0,0.0,0.0,1.0,0.0
2016-05-25,3053.1040594950005,3605.9228086438543,11.261979166666668,0.0,0.0,1.0,0.0,0.0,0.0,0.0,0.0,0.0,0.0,0.0,1.0
2016-05-26,3056.4397792811455,3658.846550312708,15.977604166666666,0.0,0.0,1.0,0.0,0.0,0.0,0.0,0.0,0.0,1.0,0.0,0.0
2016-05-27,3059.030179069063,3711.965989371875,17.079687500000002,0.0,0.0,1.0,0.0,0.0,1.0,0.0,0.0,0.0,0.0,0.0,0.0
2016-05-28,3062.1179734945836,3751.3375204938543,17.454687500000002,0.0,0.0,1.0,0.0,0.0,0.0,0.0,1.0,0.0,0.0,0.0,0.0
2016-05-29,3065.690375644271,3776.6529276215624,16.41875,0.0,0.0,1.0,0.0,0.0,0.0,0.0,0.0,1.0,0.0,0.0,0.0
2016-05-30,3069.304456865208,3803.294117953646,13.478645833333333,0.0,0.0,1.0,0.0,0.0,0.0,1.0,0.0,0.0,0.0,0.0,0.0
2016-05-31,3072.1882904538543,3844.879933244271,15.154166666666667,0.0,0.0,1.0,0.0,0.0,0.0,0.0,0.0,0.0,0.0,1.0,0.0
2016-06-01,3075.14917921875,3886.875792850104,14.278125000000001,0.0,0.0,0.0,1.0,0.0,0.0,0.0,0.0,0.0,0.0,0.0,1.0
2016-06-02,3077.552334155729,3921.8606772829166,13.2734375,0.0,0.0,0.0,1.0,0.0,0.0,0.0,0.0,0.0,1.0,0.0,0.0
2016-06-03,3080.3140714648957,3959.570232570104,13.906770833333333,0.0,0.0,0.0,1.0,0.0,1.0,0.0,0.0,0.0,0.0,0.0,0.0
2016-06-04,3083.333425337396,3997.0630937508336,14.081770833333332,0.0,0.0,0.0,1.0,0.0,0.0,0.0,1.0,0.0,0.0,0.0,0.0
2016-06-05,3086.466797504583,4029.4433674384377,17.986979166666668,0.0,0.0,0.0,1.0,0.0,0.0,0.0,0.0,1.0,0.0,0.0,0.0
2016-06-06,3088.9494340032293,4074.5704310954166,19.410416666666666,0.0,0.0,0.0,1.0,0.0,0.0,1.0,0.0,0.0,0.0,0.0,0.0
2016-06-07,3091.147806739271,4123.590947457917,19.347916666666666,0.0,0.0,0.0,1.0,0.0,0.0,0.0,0.0,0.0,0.0,1.0,0.0
2016-06-08,3095.3499027494795,4147.1579539187505,17.4578125,0.0,0.0,0.0,1.0,0.0,0.0,0.0,0.0,0.0,0.0,0.0,1.0
2016-06-09,3099.5876099665625,4170.161793839271,15.972916666666665,0.0,0.0,0.0,1.0,0.0,0.0,0.0,0.0,0.0,1.0,0.0,0.0
2016-06-10,3102.0840177514583,4217.4775831507295,16.713020833333335,0.0,0.0,0.0,1.0,0.0,1.0,0.0,0.0,0.0,0.0,0.0,0.0
2016-06-11,3105.2663031909374,4258.424705719896,17.234375,0.0,0.0,0.0,1.0,0.0,0.0,0.0,1.0,0.0,0.0,0.0,0.0
2016-06-12,3108.363984268021,4283.324392808959,16.431770833333335,0.0,0.0,0.0,1.0,0.0,0.0,0.0,0.0,1.0,0.0,0.0,0.0
2016-06-13,3111.469654733854,4304.741200196875,15.2015625,0.0,0.0,0.0,1.0,0.0,0.0,1.0,0.0,0.0,0.0,0.0,0.0
2016-06-14,3113.920138865104,4329.17200331625,14.844270833333333,0.0,0.0,0.0,1.0,0.0,0.0,0.0,0.0,0.0,0.0,1.0,0.0
2016-06-15,3116.539198935104,4361.362282301042,13.580208333333333,0.0,0.0,0.0,1.0,0.0,0.0,0.0,0.0,0.0,0.0,0.0,1.0
2016-06-16,3120.1636395164583,4388.789770617396,13.508333333333333,0.0,0.0,0.0,1.0,0.0,0.0,0.0,0.0,0.0,1.0,0.0,0.0
2016-06-17,3125.6991373633336,4421.576818080521,14.236979166666666,0.0,0.0,0.0,1.0,0.0,1.0,0.0,0.0,0.0,0.0,0.0,0.0
2016-06-18,3128.2976503492705,4472.950544393854,13.799479166666666,0.0,0.0,0.0,1.0,0.0,0.0,0.0,1.0,0.0,0.0,0.0,0.0
2016-06-19,3132.177542789688,4504.767713203854,14.364583333333334,0.0,0.0,0.0,1.0,0.0,0.0,0.0,0.0,1.0,0.0,0.0,0.0
2016-06-20,3136.355462044167,4542.32431280625,14.9140625,0.0,0.0,0.0,1.0,0.0,0.0,1.0,0.0,0.0,0.0,0.0,0.0
2016-06-21,3138.847976213958,4583.155612903125,16.536979166666665,0.0,0.0,0.0,1.0,0.0,0.0,0.0,0.0,0.0,0.0,1.0,0.0
2016-06-22,3140.977014406979,4619.959607898438,19.866145833333334,0.0,0.0,0.0,1.0,0.0,0.0,0.0,0.0,0.0,0.0,0.0,1.0
2016-06-23,3143.214507290521,4674.154034574375,22.679166666666664,0.0,0.0,0.0,1.0,0.0,0.0,0.0,0.0,0.0,1.0,0.0,0.0
2016-06-24,3145.4502318323957,4729.5310787587505,19.367708333333333,0.0,0.0,0.0,1.0,0.0,1.0,0.0,0.0,0.0,0.0,0.0,0.0
2016-06-25,3148.693395132604,4773.083463804271,14.9765625,0.0,0.0,0.0,1.0,0.0,0.0,0.0,1.0,0.0,0.0,0.0,0.0
2016-06-26,3151.942368419271,4798.8363789993755,13.8125,0.0,0.0,0.0,1.0,0.0,0.0,0.0,0.0,1.0,0.0,0.0,0.0
2016-06-27,3154.8225459876044,4838.141507740729,15.0765625,0.0,0.0,0.0,1.0,0.0,0.0,1.0,0.0,0.0,0.0,0.0,0.0
2016-06-28,3157.4269832265622,4892.440702159062,16.616666666666667,0.0,0.0,0.0,1.0,0.0,0.0,0.0,0.0,0.0,0.0,1.0,0.0
2016-06-29,3161.1614860450004,4937.8156051045835,15.792187499999999,0.0,0.0,0.0,1.0,0.0,0.0,0.0,0.0,0.0,0.0,0.0,1.0
2016-06-30,3165.155961854896,4979.300298224895,16.4296875,0.0,0.0,0.0,1.0,0.0,0.0,0.0,0.0,0.0,1.0,0.0,0.0
2016-07-01,3167.577263540208,5030.602176204792,16.807291666666668,0.0,0.0,0.0,1.0,0.0,1.0,0.0,0.0,0.0,0.0,0.0,0.0
2016-07-02,3171.116577374792,5064.399485550729,14.214062499999999,0.0,0.0,0.0,1.0,0.0,0.0,0.0,1.0,0.0,0.0,0.0,0.0
2016-07-03,3174.654689305625,5089.788818819791,14.377604166666666,0.0,0.0,0.0,1.0,0.0,0.0,0.0,0.0,1.0,0.0,0.0,0.0
2016-07-04,3176.958223463646,5143.058322407813,16.9328125,0.0,0.0,0.0,1.0,0.0,0.0,1.0,0.0,0.0,0.0,0.0,0.0
2016-07-05,3179.1058136697916,5200.560694893334,16.136458333333334,0.0,0.0,0.0,1.0,0.0,0.0,0.0,0.0,0.0,0.0,1.0,0.0
2016-07-06,3181.4980060871876,5254.212453368646,15.792187499999999,0.0,0.0,0.0,1.0,0.0,0.0,0.0,0.0,0.0,0.0,0.0,1.0
2016-07-07,3183.74134979375,5310.008159545208,17.675,0.0,0.0,0.0,1.0,0.0,0.0,0.0,0.0,0.0,1.0,0.0,0.0
2016-07-08,3186.638423435729,5365.326709093958,18.7390625,0.0,0.0,0.0,1.0,0.0,1.0,0.0,0.0,0.0,0.0,0.0,0.0
2016-07-09,3188.756011262292,5410.2675071808335,19.733854166666667,0.0,0.0,0.0,1.0,0.0,0.0,0.0,1.0,0.0,0.0,0.0,0.0
2016-07-10,3191.2145887015627,5459.459190213646,22.01875,0.0,0.0,0.0,1.0,0.0,0.0,0.0,0.0,1.0,0.0,0.0,0.0
2016-07-11,3193.91109410625,5501.888111714063,17.924479166666668,0.0,0.0,0.0,1.0,0.0,0.0,1.0,0.0,0.0,0.0,0.0,0.0
2016-07-12,3198.0632791111457,5516.535144213125,15.713020833333333,0.0,0.0,0.0,1.0,0.0,0.0,0.0,0.0,0.0,0.0,1.0,0.0
2016-07-13,3201.9398358736457,5527.698021122083,13.569791666666667,0.0,0.0,0.0,1.0,0.0,0.0,0.0,0.0,0.0,0.0,0.0,1.0
2016-07-14,3205.016339066771,5545.4459873740625,14.023958333333333,0.0,0.0,0.0,1.0,0.0,0.0,0.0,0.0,0.0,1.0,0.0,0.0
2016-07-15,3207.6760112083334,5571.608022083229,16.181770833333335,0.0,0.0,0.0,1.0,0.0,1.0,0.0,0.0,0.0,0.0,0.0,0.0
2016-07-16,3209.8914956523963,5610.449858060626,18.545312499999998,0.0,0.0,0.0,1.0,0.0,0.0,0.0,1.0,0.0,0.0,0.0,0.0
2016-07-17,3211.6388513058337,5662.380242234896,20.067708333333332,0.0,0.0,0.0,1.0,0.0,0.0,0.0,0.0,1.0,0.0,0.0,0.0
2016-07-18,3214.480334401875,5717.211476119271,22.026041666666668,0.0,0.0,0.0,1.0,0.0,0.0,1.0,0.0,0.0,0.0,0.0,0.0
2016-07-19,3216.9479569917708,5773.8292147249995,24.2609375,0.0,0.0,0.0,1.0,0.0,0.0,0.0,0.0,0.0,0.0,1.0,0.0
2016-07-20,3219.169643933958,5829.911201491978,25.5,0.0,0.0,0.0,1.0,0.0,0.0,0.0,0.0,0.0,0.0,0.0,1.0
2016-07-21,3221.589307286146,5877.574069147187,21.032291666666666,0.0,0.0,0.0,1.0,0.0,0.0,0.0,0.0,0.0,1.0,0.0,0.0
2016-07-22,3224.2291215964583,5911.07941179875,20.8078125,0.0,0.0,0.0,1.0,0.0,1.0,0.0,0.0,0.0,0.0,0.0,0.0
2016-07-23,3227.4406687586456,5937.084767445104,19.030729166666667,0.0,0.0,0.0,1.0,0.0,0.0,0.0,1.0,0.0,0.0,0.0,0.0
2016-07-24,3230.4444697066665,5971.883019895001,19.548958333333335,0.0,0.0,0.0,1.0,0.0,0.0,0.0,0.0,1.0,0.0,0.0,0.0
2016-07-25,3233.405274134167,6014.550569063334,19.544270833333332,0.0,0.0,0.0,1.0,0.0,0.0,1.0,0.0,0.0,0.0,0.0,0.0
2016-07-26,3236.5676402996874,6049.269478744792,18.434375,0.0,0.0,0.0,1.0,0.0,0.0,0.0,0.0,0.0,0.0,1.0,0.0
2016-07-27,3240.0882077835413,6089.958515151354,17.560416666666665,0.0,0.0,0.0,1.0,0.0,0.0,0.0,0.0,0.0,0.0,0.0,1.0
2016-07-28,3243.547988793646,6133.169298874583,18.6453125,0.0,0.0,0.0,1.0,0.0,0.0,0.0,0.0,0.0,1.0,0.0,0.0
2016-07-29,3248.378350833021,6181.514118997916,18.631249999999998,0.0,0.0,0.0,1.0,0.0,1.0,0.0,0.0,0.0,0.0,0.0,0.0
2016-07-30,3251.5162575567706,6226.337445669583,17.517708333333335,0.0,0.0,0.0,1.0,0.0,0.0,0.0,1.0,0.0,0.0,0.0,0.0
2016-07-31,3254.489762571771,6250.37261561375,17.037499999999998,0.0,0.0,0.0,1.0,0.0,0.0,0.0,0.0,1.0,0.0,0.0,0.0
2016-08-01,3257.2918140983334,6278.418017825416,16.3625,0.0,0.0,0.0,1.0,0.0,0.0,1.0,0.0,0.0,0.0,0.0,0.0
2016-08-02,3259.9440452972917,6314.921417761771,15.682291666666666,0.0,0.0,0.0,1.0,0.0,0.0,0.0,0.0,0.0,0.0,1.0,0.0
2016-08-03,3262.563700042708,6353.332761816667,17.169270833333332,0.0,0.0,0.0,1.0,0.0,0.0,0.0,0.0,0.0,0.0,0.0,1.0
2016-08-04,3265.372983789896,6400.948172838333,16.427083333333332,0.0,0.0,0.0,1.0,0.0,0.0,0.0,0.0,0.0,1.0,0.0,0.0
2016-08-05,3268.6807165495834,6425.333986242501,16.352083333333333,0.0,0.0,0.0,1.0,0.0,1.0,0.0,0.0,0.0,0.0,0.0,0.0
2016-08-06,3270.8234908198956,6459.305109664583,16.5,0.0,0.0,0.0,1.0,0.0,0.0,0.0,1.0,0.0,0.0,0.0,0.0
2016-08-07,3273.1120159633333,6509.1467509754175,18.566145833333334,0.0,0.0,0.0,1.0,0.0,0.0,0.0,0.0,1.0,0.0,0.0,0.0
2016-08-08,3275.4577970732294,6564.748692400625,16.8640625,0.0,0.0,0.0,1.0,0.0,0.0,1.0,0.0,0.0,0.0,0.0,0.0
2016-08-09,3278.555728763229,6597.00447355823,14.542187499999999,0.0,0.0,0.0,1.0,0.0,0.0,0.0,0.0,0.0,0.0,1.0,0.0
2016-08-10,3281.64463787,6612.167318444688,12.222916666666668,0.0,0.0,0.0,1.0,0.0,0.0,0.0,0.0,0.0,0.0,0.0,1.0
2016-08-11,3284.5379538378124,6646.507829384688,12.539583333333333,0.0,0.0,0.0,1.0,0.0,0.0,0.0,0.0,0.0,1.0,0.0,0.0
2016-08-12,3288.1903973453122,6685.806632145104,17.6921875,0.0,0.0,0.0,1.0,0.0,1.0,0.0,0.0,0.0,0.0,0.0,0.0
2016-08-13,3291.134800463542,6728.353117755833,17.963541666666668,0.0,0.0,0.0,1.0,0.0,0.0,0.0,1.0,0.0,0.0,0.0,0.0
2016-08-14,3294.1991204097917,6779.027071264688,17.244791666666668,0.0,0.0,0.0,1.0,0.0,0.0,0.0,0.0,1.0,0.0,0.0,0.0
2016-08-15,3296.702795594896,6825.795190974793,17.633854166666666,0.0,0.0,0.0,1.0,0.0,0.0,1.0,0.0,0.0,0.0,0.0,0.0
2016-08-16,3300.300558463958,6873.434388271667,17.724479166666665,0.0,0.0,0.0,1.0,0.0,0.0,0.0,0.0,0.0,0.0,1.0,0.0
2016-08-17,3303.677799250625,6917.396598520104,18.931250000000002,0.0,0.0,0.0,1.0,0.0,0.0,0.0,0.0,0.0,0.0,0.0,1.0
2016-08-18,3305.7786940412498,6949.02614859573,19.081770833333334,0.0,0.0,0.0,1.0,0.0,0.0,0.0,0.0,0.0,1.0,0.0,0.0
2016-08-19,3307.8475209469793,6978.929435338541,18.157812500000002,0.0,0.0,0.0,1.0,0.0,1.0,0.0,0.0,0.0,0.0,0.0,0.0
2016-08-20,3309.7457009775003,7003.455720404895,17.624479166666667,0.0,0.0,0.0,1.0,0.0,0.0,0.0,1.0,0.0,0.0,0.0,0.0
2016-08-21,3311.6655956014583,7032.580563946459,15.403125000000001,0.0,0.0,0.0,1.0,0.0,0.0,0.0,0.0,1.0,0.0,0.0,0.0
2016-08-22,3313.4716237078123,7085.810925587709,18.254166666666666,0.0,0.0,0.0,1.0,0.0,0.0,1.0,0.0,0.0,0.0,0.0,0.0
2016-08-23,3315.285786783958,7141.299375341875,21.201041666666665,0.0,0.0,0.0,1.0,0.0,0.0,0.0,0.0,0.0,0.0,1.0,0.0
2016-08-24,3317.148046095521,7196.855866754271,24.545312499999998,0.0,0.0,0.0,1.0,0.0,0.0,0.0,0.0,0.0,0.0,0.0,1.0
2016-08-25,3319.156614865313,7251.467775188646,25.66614583333333,0.0,0.0,0.0,1.0,0.0,0.0,0.0,0.0,0.0,1.0,0.0,0.0
2016-08-26,3321.2181332278124,7304.324159927604,23.515104166666664,0.0,0.0,0.0,1.0,0.0,1.0,0.0,0.0,0.0,0.0,0.0,0.0
2016-08-27,3323.320348203229,7356.764126072708,23.59583333333333,0.0,0.0,0.0,1.0,0.0,0.0,0.0,1.0,0.0,0.0,0.0,0.0
2016-08-28,3325.430884731146,7408.2119674170835,20.909375,0.0,0.0,0.0,1.0,0.0,0.0,0.0,0.0,1.0,0.0,0.0,0.0
2016-08-29,3327.7150540434377,7445.253537052605,17.954687500000002,0.0,0.0,0.0,1.0,0.0,0.0,1.0,0.0,0.0,0.0,0.0,0.0
2016-08-30,3330.214764952187,7480.975906271041,17.158854166666668,0.0,0.0,0.0,1.0,0.0,0.0,0.0,0.0,0.0,0.0,1.0,0.0
2016-08-31,3333.529668620104,7522.0059594449995,18.744270833333335,0.0,0.0,0.0,1.0,0.0,0.0,0.0,0.0,0.0,0.0,0.0,1.0
2016-09-01,3336.5119233490623,7560.884549307709,17.424479166666668,0.0,1.0,0.0,0.0,0.0,0.0,0.0,0.0,0.0,1.0,0.0,0.0
2016-09-02,3340.643579210833,7602.576192040625,16.955729166666668,0.0,1.0,0.0,0.0,0.0,1.0,0.0,0.0,0.0,0.0,0.0,0.0
2016-09-03,3343.9837007646875,7641.770929555104,17.614583333333332,0.0,1.0,0.0,0.0,0.0,0.0,0.0,1.0,0.0,0.0,0.0,0.0
2016-09-04,3349.3655659849996,7662.342743699896,17.377604166666668,0.0,1.0,0.0,0.0,0.0,0.0,0.0,0.0,1.0,0.0,0.0,0.0
2016-09-05,3354.171058223646,7676.6826906270835,17.589583333333334,0.0,1.0,0.0,0.0,0.0,0.0,1.0,0.0,0.0,0.0,0.0,0.0
2016-09-06,3357.6803090502085,7713.724952085521,18.713020833333335,0.0,1.0,0.0,0.0,0.0,0.0,0.0,0.0,0.0,0.0,1.0,0.0
2016-09-07,3360.6023268689587,7760.886772024479,19.6796875,0.0,1.0,0.0,0.0,0.0,0.0,0.0,0.0,0.0,0.0,0.0,1.0
2016-09-08,3363.604062455312,7811.323399349584,19.523958333333333,0.0,1.0,0.0,0.0,0.0,0.0,0.0,0.0,0.0,1.0,0.0,0.0
2016-09-09,3367.1078086733337,7857.10325335625,16.671875,0.0,1.0,0.0,0.0,0.0,1.0,0.0,0.0,0.0,0.0,0.0,0.0
2016-09-10,3370.9175147959377,7901.101095712708,19.008333333333333,0.0,1.0,0.0,0.0,0.0,0.0,0.0,1.0,0.0,0.0,0.0,0.0
2016-09-11,3373.715953129167,7948.060088051979,18.896874999999998,0.0,1.0,0.0,0.0,0.0,0.0,0.0,0.0,1.0,0.0,0.0,0.0
2016-09-12,3377.3108307823954,7993.2838326927085,22.155729166666664,0.0,1.0,0.0,0.0,0.0,0.0,1.0,0.0,0.0,0.0,0.0,0.0
2016-09-13,3381.4121184725004,8037.533667343126,24.037499999999998,0.0,1.0,0.0,0.0,0.0,0.0,0.0,0.0,0.0,0.0,1.0,0.0
2016-09-14,3385.2167392753126,8083.968496030105,23.98125,0.0,1.0,0.0,0.0,0.0,0.0,0.0,0.0,0.0,0.0,0.0,1.0
2016-09-15,3390.800447179896,8113.385643304063,19.628125,0.0,1.0,0.0,0.0,0.0,0.0,0.0,0.0,0.0,1.0,0.0,0.0
2016-09-16,3396.055399920833,8137.018589078542,16.770833333333332,0.0,1.0,0.0,0.0,0.0,1.0,0.0,0.0,0.0,0.0,0.0,0.0
2016-09-17,3399.8829149521875,8162.301878743229,16.353645833333335,0.0,1.0,0.0,0.0,0.0,0.0,0.0,1.0,0.0,0.0,0.0,0.0
2016-09-18,3406.2339607955205,8174.244795350416,17.2453125,0.0,1.0,0.0,0.0,0.0,0.0,0.0,0.0,1.0,0.0,0.0,0.0
2016-09-19,3412.5165823991665,8183.068416878854,15.673958333333333,0.0,1.0,0.0,0.0,0.0,0.0,1.0,0.0,0.0,0.0,0.0,0.0
2016-09-20,3416.6045665558336,8200.895834570729,14.693229166666667,0.0,1.0,0.0,0.0,0.0,0.0,0.0,0.0,0.0,0.0,1.0,0.0
2016-09-21,3420.9376091901045,8221.1117869225,15.691666666666668,0.0,1.0,0.0,0.0,0.0,0.0,0.0,0.0,0.0,0.0,0.0,1.0
2016-09-22,3424.338509568542,8249.245669537291,15.307291666666666,0.0,1.0,0.0,0.0,0.0,0.0,0.0,0.0,0.0,1.0,0.0,0.0
2016-09-23,3427.9326072971876,8284.457973650417,14.903125000000001,0.0,1.0,0.0,0.0,0.0,1.0,0.0,0.0,0.0,0.0,0.0,0.0
2016-09-24,3431.4738758404164,8319.534052989375,16.755208333333332,0.0,1.0,0.0,0.0,0.0,0.0,0.0,1.0,0.0,0.0,0.0,0.0
2016-09-25,3435.9130197213544,8353.236642427188,15.413020833333334,0.0,1.0,0.0,0.0,0.0,0.0,0.0,0.0,1.0,0.0,0.0,0.0
2016-09-26,3439.7297837423957,8383.388289607812,12.316666666666668,0.0,1.0,0.0,0.0,0.0,0.0,1.0,0.0,0.0,0.0,0.0,0.0
2016-09-27,3444.479121471979,8409.09904011927,14.807812499999999,0.0,1.0,0.0,0.0,0.0,0.0,0.0,0.0,0.0,0.0,1.0,0.0
2016-09-28,3448.312859756146,8440.44908664552,18.156770833333333,0.0,1.0,0.0,0.0,0.0,0.0,0.0,0.0,0.0,0.0,0.0,1.0
2016-09-29,3452.3618460924995,8480.759990377395,15.851041666666667,0.0,1.0,0.0,0.0,0.0,0.0,0.0,0.0,0.0,1.0,0.0,0.0
2016-09-30,3458.3642638703127,8521.762368761249,14.096874999999999,0.0,1.0,0.0,0.0,0.0,1.0,0.0,0.0,0.0,0.0,0.0,0.0
2016-10-01,3462.1671852979166,8553.960258244166,12.780729166666667,0.0,1.0,0.0,0.0,0.0,0.0,0.0,1.0,0.0,0.0,0.0,0.0
2016-10-02,3464.8307531051037,8572.47599175,11.222395833333332,0.0,1.0,0.0,0.0,0.0,0.0,0.0,0.0,1.0,0.0,0.0,0.0
2016-10-03,3469.0991817326044,8596.497490056145,11.710416666666667,0.0,1.0,0.0,0.0,0.0,0.0,1.0,0.0,0.0,0.0,0.0,0.0
2016-10-04,3473.3350199194792,8631.13797335125,11.742708333333333,0.0,1.0,0.0,0.0,0.0,0.0,0.0,0.0,0.0,0.0,1.0,0.0
2016-10-05,3477.5206589189584,8665.851812437188,9.689583333333333,0.0,1.0,0.0,0.0,0.0,0.0,0.0,0.0,0.0,0.0,0.0,1.0
2016-10-06,3481.8015205491665,8694.249816365313,8.449479166666666,0.0,1.0,0.0,0.0,0.0,0.0,0.0,0.0,0.0,1.0,0.0,0.0
2016-10-07,3487.1563883685417,8709.040259270416,10.785937500000001,0.0,1.0,0.0,0.0,0.0,1.0,0.0,0.0,0.0,0.0,0.0,0.0
2016-10-08,3494.633509892292,8719.251131715833,10.323958333333334,0.0,1.0,0.0,0.0,0.0,0.0,0.0,1.0,0.0,0.0,0.0,0.0
2016-10-09,3503.997862178854,8728.610136380521,8.086979166666667,0.0,1.0,0.0,0.0,0.0,0.0,0.0,0.0,1.0,0.0,0.0,0.0
2016-10-10,3513.3009642871875,8742.248734747916,8.1640625,0.0,1.0,0.0,0.0,0.0,0.0,1.0,0.0,0.0,0.0,0.0,0.0
2016-10-11,3522.937494207083,8765.03157710198,8.333333333333334,0.0,1.0,0.0,0.0,0.0,0.0,0.0,0.0,0.0,0.0,1.0,0.0
2016-10-12,3530.0567249997916,8794.046252036145,8.120833333333334,0.0,1.0,0.0,0.0,0.0,0.0,0.0,0.0,0.0,0.0,0.0,1.0
2016-10-13,3535.962319278229,8817.892700940103,7.811979166666667,0.0,1.0,0.0,0.0,0.0,0.0,0.0,0.0,0.0,1.0,0.0,0.0
2016-10-14,3545.064497329271,8829.575996314374,9.367708333333333,0.0,1.0,0.0,0.0,0.0,1.0,0.0,0.0,0.0,0.0,0.0,0.0
2016-10-15,3559.0517951226043,8838.175264753021,11.5796875,0.0,1.0,0.0,0.0,0.0,0.0,0.0,1.0,0.0,0.0,0.0,0.0
2016-10-16,3572.4854765258333,8846.993350819792,14.153125000000001,0.0,1.0,0.0,0.0,0.0,0.0,0.0,0.0,1.0,0.0,0.0,0.0
2016-10-17,3583.412204360104,8852.272293685312,12.013541666666667,0.0,1.0,0.0,0.0,0.0,0.0,1.0,0.0,0.0,0.0,0.0,0.0
2016-10-18,3593.332884164896,8866.306909403333,10.049479166666666,0.0,1.0,0.0,0.0,0.0,0.0,0.0,0.0,0.0,0.0,1.0,0.0
2016-10-19,3602.71875260375,8879.136887265833,8.542708333333334,0.0,1.0,0.0,0.0,0.0,0.0,0.0,0.0,0.0,0.0,0.0,1.0
2016-10-20,3611.7393293325,8891.754847561459,9.0375,0.0,1.0,0.0,0.0,0.0,0.0,0.0,0.0,0.0,1.0,0.0,0.0
2016-10-21,3619.4557542439584,8905.717256418646,6.6734374999999995,0.0,1.0,0.0,0.0,0.0,1.0,0.0,0.0,0.0,0.0,0.0,0.0
2016-10-22,3632.552949760104,8920.942580886564,7.3328125,0.0,1.0,0.0,0.0,0.0,0.0,0.0,1.0,0.0,0.0,0.0,0.0
2016-10-23,3642.7523513260417,8936.434559116771,4.8828125,0.0,1.0,0.0,0.0,0.0,0.0,0.0,0.0,1.0,0.0,0.0,0.0
2016-10-24,3655.4064069289584,8944.653118740001,8.408333333333333,0.0,1.0,0.0,0.0,0.0,0.0,1.0,0.0,0.0,0.0,0.0,0.0
2016-10-25,3665.5407964969795,8951.414527191355,8.938020833333333,0.0,1.0,0.0,0.0,0.0,0.0,0.0,0.0,0.0,0.0,1.0,0.0
2016-10-26,3675.288345768438,8955.041488446876,8.102604166666667,0.0,1.0,0.0,0.0,0.0,0.0,0.0,0.0,0.0,0.0,0.0,1.0
2016-10-27,3683.950834543542,8967.010368383335,10.534374999999999,0.0,1.0,0.0,0.0,0.0,0.0,0.0,0.0,0.0,1.0,0.0,0.0
2016-10-28,3693.7271539579165,8981.054016055834,11.944791666666667,0.0,1.0,0.0,0.0,0.0,1.0,0.0,0.0,0.0,0.0,0.0,0.0
2016-10-29,3707.8329859898954,8990.081306219063,11.761458333333332,0.0,1.0,0.0,0.0,0.0,0.0,0.0,1.0,0.0,0.0,0.0,0.0
2016-10-30,3719.5883325487503,9007.677791380835,10.496875000000001,0.0,1.0,0.0,0.0,0.0,0.0,0.0,0.0,1.0,0.0,0.0,0.0
2016-10-31,3726.0062322783338,9028.786929326458,11.110416666666666,0.0,1.0,0.0,0.0,0.0,0.0,1.0,0.0,0.0,0.0,0.0,0.0
2016-11-01,3736.425299735521,9045.563316378959,10.334895833333333,0.0,1.0,0.0,0.0,0.0,0.0,0.0,0.0,0.0,0.0,1.0,0.0
2016-11-02,3747.715089304583,9060.000279385626,7.520833333333333,0.0,1.0,0.0,0.0,0.0,0.0,0.0,0.0,0.0,0.0,0.0,1.0
2016-11-03,3757.5998396866667,9078.200861124687,6.648958333333333,0.0,1.0,0.0,0.0,0.0,0.0,0.0,0.0,0.0,1.0,0.0,0.0
2016-11-04,3768.2862709497917,9096.919429697917,6.7703125,0.0,1.0,0.0,0.0,0.0,1.0,0.0,0.0,0.0,0.0,0.0,0.0
2016-11-05,3779.832532100521,9106.55746395802,6.930729166666667,0.0,1.0,0.0,0.0,0.0,0.0,0.0,1.0,0.0,0.0,0.0,0.0
2016-11-06,3795.2940428821876,9108.509272848647,4.775520833333333,0.0,1.0,0.0,0.0,0.0,0.0,0.0,0.0,1.0,0.0,0.0,0.0
2016-11-07,3812.347942877083,9111.987807158022,4.1499999999999995,0.0,1.0,0.0,0.0,0.0,0.0,1.0,0.0,0.0,0.0,0.0,0.0
2016-11-08,3832.0544383889587,9118.934499108438,2.6572916666666666,0.0,1.0,0.0,0.0,0.0,0.0,0.0,0.0,0.0,0.0,1.0,0.0
2016-11-09,3854.460531856875,9124.288457209062,4.108854166666666,0.0,1.0,0.0,0.0,0.0,0.0,0.0,0.0,0.0,0.0,0.0,1.0
2016-11-10,3873.2927322688543,9129.715974947292,6.505208333333333,0.0,1.0,0.0,0.0,0.0,0.0,0.0,0.0,0.0,1.0,0.0,0.0
2016-11-11,3892.011079361562,9137.17823898448,2.8781250000000003,0.0,1.0,0.0,0.0,0.0,1.0,0.0,0.0,0.0,0.0,0.0,0.0
2016-11-12,3910.302871133125,9146.210454819167,2.096875,0.0,1.0,0.0,0.0,0.0,0.0,0.0,1.0,0.0,0.0,0.0,0.0
2016-11-13,3932.922410618125,9152.567190138228,4.5640624999999995,0.0,1.0,0.0,0.0,0.0,0.0,0.0,0.0,1.0,0.0,0.0,0.0
2016-11-14,3957.2510557066666,9153.329345659791,4.541666666666667,0.0,1.0,0.0,0.0,0.0,0.0,1.0,0.0,0.0,0.0,0.0,0.0
2016-11-15,3978.233899342708,9157.962212585417,9.1328125,0.0,1.0,0.0,0.0,0.0,0.0,0.0,0.0,0.0,0.0,1.0,0.0
2016-11-16,4000.3081776864583,9162.018206320105,11.640625,0.0,1.0,0.0,0.0,0.0,0.0,0.0,0.0,0.0,0.0,0.0,1.0
2016-11-17,4020.356782906354,9164.681529510208,10.012500000000001,0.0,1.0,0.0,0.0,0.0,0.0,0.0,0.0,0.0,1.0,0.0,0.0
2016-11-18,4035.5884576683334,9167.867488329688,5.814583333333334,0.0,1.0,0.0,0.0,0.0,1.0,0.0,0.0,0.0,0.0,0.0,0.0
2016-11-19,4054.7825988590625,9168.857982661668,5.400520833333334,0.0,1.0,0.0,0.0,0.0,0.0,0.0,1.0,0.0,0.0,0.0,0.0
2016-11-20,4090.0058175630206,9174.819582192396,9.49375,0.0,1.0,0.0,0.0,0.0,0.0,0.0,0.0,1.0,0.0,0.0,0.0
2016-11-21,4113.4081095491665,9181.105946778333,11.892708333333333,0.0,1.0,0.0,0.0,0.0,0.0,1.0,0.0,0.0,0.0,0.0,0.0
2016-11-22,4135.536076201354,9181.827752752188,10.23828125,0.0,1.0,0.0,0.0,0.0,0.0,0.0,0.0,0.0,0.0,1.0,0.0
2016-11-23,4154.820229163645,9183.430861938125,9.719010416666666,0.0,1.0,0.0,0.0,0.0,0.0,0.0,0.0,0.0,0.0,0.0,1.0
2016-11-24,4174.473883953229,9185.753670866356,8.508333333333333,0.0,1.0,0.0,0.0,0.0,0.0,0.0,0.0,0.0,1.0,0.0,0.0
2016-11-25,4193.6014734725,9190.15563092823,4.900520833333333,0.0,1.0,0.0,0.0,0.0,1.0,0.0,0.0,0.0,0.0,0.0,0.0
2016-11-26,4215.50619718625,9192.879407784167,5.154166666666667,0.0,1.0,0.0,0.0,0.0,0.0,0.0,1.0,0.0,0.0,0.0,0.0
2016-11-27,4238.506360956146,9194.045093024897,5.454166666666667,0.0,1.0,0.0,0.0,0.0,0.0,0.0,0.0,1.0,0.0,0.0,0.0
2016-11-28,4254.823767935938,9207.20631433552,1.8760416666666666,0.0,1.0,0.0,0.0,0.0,0.0,1.0,0.0,0.0,0.0,0.0,0.0
2016-11-29,4269.3325350341665,9230.949860407396,-0.8604166666666666,0.0,1.0,0.0,0.0,0.0,0.0,0.0,0.0,0.0,0.0,1.0,0.0
2016-11-30,4285.9358314747915,9251.560234203334,0.0895833333333333,0.0,1.0,0.0,0.0,0.0,0.0,0.0,0.0,0.0,0.0,0.0,1.0
2016-12-01,4303.397938481771,9267.461056553646,3.2447916666666665,0.0,0.0,0.0,0.0,1.0,0.0,0.0,0.0,0.0,1.0,0.0,0.0
2016-12-02,4323.651843755833,9283.660631002813,6.409375,0.0,0.0,0.0,0.0,1.0,1.0,0.0,0.0,0.0,0.0,0.0,0.0
2016-12-03,4346.764920945833,9295.726084865417,2.3364583333333333,0.0,0.0,0.0,0.0,1.0,0.0,0.0,1.0,0.0,0.0,0.0,0.0
2016-12-04,4366.876902706458,9302.4883742125,0.20989583333333336,0.0,0.0,0.0,0.0,1.0,0.0,0.0,0.0,1.0,0.0,0.0,0.0
2016-12-05,4393.049040235104,9304.952920440104,1.2046875000000001,0.0,0.0,0.0,0.0,1.0,0.0,1.0,0.0,0.0,0.0,0.0,0.0
2016-12-06,4418.425824865625,9306.058030739687,4.974479166666667,0.0,0.0,0.0,0.0,1.0,0.0,0.0,0.0,0.0,0.0,1.0,0.0
2016-12-07,4442.253554254375,9307.48973986875,7.651041666666667,0.0,0.0,0.0,0.0,1.0,0.0,0.0,0.0,0.0,0.0,0.0,1.0
2016-12-08,4464.957078126562,9315.020776983958,7.107291666666666,0.0,0.0,0.0,0.0,1.0,0.0,0.0,0.0,0.0,1.0,0.0,0.0
2016-12-09,4487.6755959064585,9323.468084991875,8.737499999999999,0.0,0.0,0.0,0.0,1.0,1.0,0.0,0.0,0.0,0.0,0.0,0.0
2016-12-10,4516.083616394167,9326.454918918022,7.227083333333333,0.0,0.0,0.0,0.0,1.0,0.0,0.0,1.0,0.0,0.0,0.0,0.0
2016-12-11,4551.651666880312,9328.025053033854,7.4875,0.0,0.0,0.0,0.0,1.0,0.0,0.0,0.0,1.0,0.0,0.0,0.0
2016-12-12,4581.547542621146,9331.26222332948,6.038020833333333,0.0,0.0,0.0,0.0,1.0,0.0,1.0,0.0,0.0,0.0,0.0,0.0
2016-12-13,4609.922426494583,9334.65641654875,6.197395833333334,0.0,0.0,0.0,0.0,1.0,0.0,0.0,0.0,0.0,0.0,1.0,0.0
2016-12-14,4637.61551169375,9341.024998319272,7.55,0.0,0.0,0.0,0.0,1.0,0.0,0.0,0.0,0.0,0.0,0.0,1.0
2016-12-15,4661.69628561875,9347.574108834167,6.258854166666667,0.0,0.0,0.0,0.0,1.0,0.0,0.0,0.0,0.0,1.0,0.0,0.0
2016-12-16,4689.251996914688,9347.706444220314,7.034895833333334,0.0,0.0,0.0,0.0,1.0,1.0,0.0,0.0,0.0,0.0,0.0,0.0
2016-12-17,4718.101244943334,9348.011167992188,4.4765625,0.0,0.0,0.0,0.0,1.0,0.0,0.0,1.0,0.0,0.0,0.0,0.0
2016-12-18,4746.392015111979,9349.873446537813,6.021354166666666,0.0,0.0,0.0,0.0,1.0,0.0,0.0,0.0,1.0,0.0,0.0,0.0
2016-12-19,4767.432144595938,9357.7241548925,5.4734375,0.0,0.0,0.0,0.0,1.0,0.0,1.0,0.0,0.0,0.0,0.0,0.0
2016-12-20,4787.652103617395,9366.648072903437,1.3531250000000001,0.0,0.0,0.0,0.0,1.0,0.0,0.0,0.0,0.0,0.0,1.0,0.0
2016-12-21,4811.998501078125,9374.350525151354,4.080208333333333,0.0,0.0,0.0,0.0,1.0,0.0,0.0,0.0,0.0,0.0,0.0,1.0
2016-12-22,4840.289547864063,9380.188630675417,5.7562500000000005,0.0,0.0,0.0,0.0,1.0,0.0,0.0,0.0,0.0,1.0,0.0,0.0
2016-12-23,4869.349254656354,9380.435571390104,5.4234374999999995,0.0,0.0,0.0,0.0,1.0,1.0,0.0,0.0,0.0,0.0,0.0,0.0
2016-12-24,4898.930038430104,9380.891262404582,7.304166666666666,0.0,0.0,0.0,0.0,1.0,0.0,0.0,1.0,0.0,0.0,0.0,0.0
2016-12-25,4929.025424657916,9382.135271079584,8.934375000000001,0.0,0.0,0.0,0.0,1.0,0.0,0.0,0.0,1.0,0.0,0.0,0.0
2016-12-26,4951.252270602292,9390.488044149792,7.208333333333333,0.0,0.0,0.0,0.0,1.0,0.0,1.0,0.0,0.0,0.0,0.0,0.0
2016-12-27,4964.697904352709,9408.546212082292,2.752083333333333,0.0,0.0,0.0,0.0,1.0,0.0,0.0,0.0,0.0,0.0,1.0,0.0
2016-12-28,4981.171561225938,9426.78281475,0.6567708333333333,0.0,0.0,0.0,0.0,1.0,0.0,0.0,0.0,0.0,0.0,0.0,1.0
2016-12-29,5002.499638050937,9440.688416873021,-0.6270833333333333,0.0,0.0,0.0,0.0,1.0,0.0,0.0,0.0,0.0,1.0,0.0,0.0
2016-12-30,5026.526307236459,9447.235534055313,-0.178125,0.0,0.0,0.0,0.0,1.0,1.0,0.0,0.0,0.0,0.0,0.0,0.0
2016-12-31,5055.971266942396,9447.798141181249,-2.6593750000000003,0.0,0.0,0.0,0.0,1.0,0.0,0.0,1.0,0.0,0.0,0.0,0.0
2017-01-01,5086.369467426354,9449.241586930937,-2.216666666666667,0.0,0.0,0.0,0.0,1.0,0.0,0.0,0.0,1.0,0.0,0.0,0.0
2017-01-02,5111.793780584375,9452.805234346562,-0.26718749999999997,0.0,0.0,0.0,0.0,1.0,0.0,1.0,0.0,0.0,0.0,0.0,0.0
2017-01-03,5140.752397886562,9454.99876278,0.4838541666666667,0.0,0.0,0.0,0.0,1.0,0.0,0.0,0.0,0.0,0.0,1.0,0.0
2017-01-04,5176.8269725872915,9454.99876278,3.4234375,0.0,0.0,0.0,0.0,1.0,0.0,0.0,0.0,0.0,0.0,0.0,1.0
2017-01-05,5213.245236672917,9455.002852133333,0.8026041666666667,0.0,0.0,0.0,0.0,1.0,0.0,0.0,0.0,0.0,1.0,0.0,0.0
2017-01-06,5249.918429023958,9455.019168865,-2.8765625,0.0,0.0,0.0,0.0,1.0,1.0,0.0,0.0,0.0,0.0,0.0,0.0
2017-01-07,5291.351136170833,9455.0787713925,-1.6385416666666668,0.0,0.0,0.0,0.0,1.0,0.0,0.0,1.0,0.0,0.0,0.0,0.0
2017-01-08,5330.673934189792,9455.11985653,2.7739583333333333,0.0,0.0,0.0,0.0,1.0,0.0,0.0,0.0,1.0,0.0,0.0,0.0
2017-01-09,5364.385661788125,9455.11985653,4.303645833333333,0.0,0.0,0.0,0.0,1.0,0.0,1.0,0.0,0.0,0.0,0.0,0.0
2017-01-10,5398.237660036354,9455.125858317291,4.538020833333333,0.0,0.0,0.0,0.0,1.0,0.0,0.0,0.0,0.0,0.0,1.0,0.0
2017-01-11,5427.695808624583,9455.255212158958,6.213541666666667,0.0,0.0,0.0,0.0,1.0,0.0,0.0,0.0,0.0,0.0,0.0,1.0
2017-01-12,5456.48566883625,9455.693539524375,4.554166666666666,0.0,0.0,0.0,0.0,1.0,0.0,0.0,0.0,0.0,1.0,0.0,0.0
2017-01-13,5480.3372959974995,9459.10547833802,1.46875,0.0,0.0,0.0,0.0,1.0,1.0,0.0,0.0,0.0,0.0,0.0,0.0
2017-01-14,5511.993457751042,9462.1100909,0.9776041666666666,0.0,0.0,0.0,0.0,1.0,0.0,0.0,1.0,0.0,0.0,0.0,0.0
2017-01-15,5547.585531698125,9462.13206355625,0.5567708333333333,0.0,0.0,0.0,0.0,1.0,0.0,0.0,0.0,1.0,0.0,0.0,0.0
2017-01-16,5583.7183580422925,9462.1491534,0.5171875,0.0,0.0,0.0,0.0,1.0,0.0,1.0,0.0,0.0,0.0,0.0,0.0
2017-01-17,5619.970243527604,9462.163522095625,-2.3328124999999997,0.0,0.0,0.0,0.0,1.0,0.0,0.0,0.0,0.0,0.0,1.0,0.0
2017-01-18,5654.970782064167,9462.17845028,-3.0052083333333335,0.0,0.0,0.0,0.0,1.0,0.0,0.0,0.0,0.0,0.0,0.0,1.0
2017-01-19,5692.598741712084,9462.17845028,-1.8208333333333335,0.0,0.0,0.0,0.0,1.0,0.0,0.0,0.0,0.0,1.0,0.0,0.0
2017-01-20,5730.644662258958,9462.17845028,-0.3171875,0.0,0.0,0.0,0.0,1.0,1.0,0.0,0.0,0.0,0.0,0.0,0.0
2017-01-21,5771.590235434062,9462.17845028,-1.1828125,0.0,0.0,0.0,0.0,1.0,0.0,0.0,1.0,0.0,0.0,0.0,0.0
2017-01-22,5810.417235245312,9462.17845028,-1.6239583333333334,0.0,0.0,0.0,0.0,1.0,0.0,0.0,0.0,1.0,0.0,0.0,0.0
2017-01-23,5849.015516625625,9462.17845028,0.8541666666666666,0.0,0.0,0.0,0.0,1.0,0.0,1.0,0.0,0.0,0.0,0.0,0.0
2017-01-24,5890.345631596875,9462.17845028,0.059895833333333336,0.0,0.0,0.0,0.0,1.0,0.0,0.0,0.0,0.0,0.0,1.0,0.0
2017-01-25,5932.467070423646,9462.17845028,-1.6510416666666667,0.0,0.0,0.0,0.0,1.0,0.0,0.0,0.0,0.0,0.0,0.0,1.0
2017-01-26,5969.617220937917,9462.17845028,-2.3463541666666665,0.0,0.0,0.0,0.0,1.0,0.0,0.0,0.0,0.0,1.0,0.0,0.0
2017-01-27,6006.988370416667,9462.785315715313,2.7770833333333336,0.0,0.0,0.0,0.0,1.0,1.0,0.0,0.0,0.0,0.0,0.0,0.0
2017-01-28,6038.400232501979,9472.361930844167,7.705729166666667,0.0,0.0,0.0,0.0,1.0,0.0,0.0,1.0,0.0,0.0,0.0,0.0
2017-01-29,6064.278023621562,9491.0842781175,4.717708333333333,0.0,0.0,0.0,0.0,1.0,0.0,0.0,0.0,1.0,0.0,0.0,0.0
2017-01-30,6094.436503061145,9501.79759090427,5.903645833333333,0.0,0.0,0.0,0.0,1.0,0.0,1.0,0.0,0.0,0.0,0.0,0.0
2017-01-31,6127.612645871667,9502.081628177084,1.96875,0.0,0.0,0.0,0.0,1.0,0.0,0.0,0.0,0.0,0.0,1.0,0.0
2017-02-01,6155.455949220104,9502.571781171251,6.501041666666667,0.0,0.0,0.0,0.0,1.0,0.0,0.0,0.0,0.0,0.0,0.0,1.0
2017-02-02,6179.285235345208,9504.739044857188,10.024479166666667,0.0,0.0,0.0,0.0,1.0,0.0,0.0,0.0,0.0,1.0,0.0,0.0
2017-02-03,6201.835046983334,9511.935232980417,9.308854166666666,0.0,0.0,0.0,0.0,1.0,1.0,0.0,0.0,0.0,0.0,0.0,0.0
2017-02-04,6223.65474203573,9521.328097970625,5.199479166666666,0.0,0.0,0.0,0.0,1.0,0.0,0.0,1.0,0.0,0.0,0.0,0.0
2017-02-05,6246.4299912825,9525.441213747605,5.305729166666667,0.0,0.0,0.0,0.0,1.0,0.0,0.0,0.0,1.0,0.0,0.0,0.0
2017-02-06,6268.041403161042,9531.73367048021,5.491145833333333,0.0,0.0,0.0,0.0,1.0,0.0,1.0,0.0,0.0,0.0,0.0,0.0
2017-02-07,6286.497208750729,9541.04169727948,5.0984375,0.0,0.0,0.0,0.0,1.0,0.0,0.0,0.0,0.0,0.0,1.0,0.0
2017-02-08,6308.650452119896,9544.652072352708,3.4958333333333336,0.0,0.0,0.0,0.0,1.0,0.0,0.0,0.0,0.0,0.0,0.0,1.0
2017-02-09,6332.136521611978,9547.45370580323,0.7005208333333334,0.0,0.0,0.0,0.0,1.0,0.0,0.0,0.0,0.0,1.0,0.0,0.0
2017-02-10,6356.556695337917,9553.567864165105,-1.3901041666666665,0.0,0.0,0.0,0.0,1.0,1.0,0.0,0.0,0.0,0.0,0.0,0.0
2017-02-11,6381.946660274271,9558.535444018022,0.05781250000000002,0.0,0.0,0.0,0.0,1.0,0.0,0.0,1.0,0.0,0.0,0.0,0.0
2017-02-12,6404.079632423229,9567.497958519374,2.845833333333333,0.0,0.0,0.0,0.0,1.0,0.0,0.0,0.0,1.0,0.0,0.0,0.0
2017-02-13,6432.252994456249,9576.476484947916,3.9140625,0.0,0.0,0.0,0.0,1.0,0.0,1.0,0.0,0.0,0.0,0.0,0.0
2017-02-14,6458.811592258749,9585.333703030521,7.123958333333333,0.0,0.0,0.0,0.0,1.0,0.0,0.0,0.0,0.0,0.0,1.0,0.0
2017-02-15,6480.774608744271,9603.532416545417,10.163541666666667,0.0,0.0,0.0,0.0,1.0,0.0,0.0,0.0,0.0,0.0,0.0,1.0
2017-02-16,6499.994610522813,9624.404343424792,7.853645833333334,0.0,0.0,0.0,0.0,1.0,0.0,0.0,0.0,0.0,1.0,0.0,0.0
2017-02-17,6519.408938307188,9638.203528266458,7.091666666666666,0.0,0.0,0.0,0.0,1.0,1.0,0.0,0.0,0.0,0.0,0.0,0.0
2017-02-18,6536.7414942899995,9650.590677822813,6.904166666666666,0.0,0.0,0.0,0.0,1.0,0.0,0.0,1.0,0.0,0.0,0.0,0.0
2017-02-19,6552.442482404687,9672.965501667082,5.440104166666667,0.0,0.0,0.0,0.0,1.0,0.0,0.0,0.0,1.0,0.0,0.0,0.0
2017-02-20,6571.949810160938,9687.681148367292,8.700520833333334,0.0,0.0,0.0,0.0,1.0,0.0,1.0,0.0,0.0,0.0,0.0,0.0
2017-02-21,6594.105464365312,9692.184221487501,9.659895833333334,0.0,0.0,0.0,0.0,1.0,0.0,0.0,0.0,0.0,0.0,1.0,0.0
2017-02-22,6613.798356676041,9697.55330040198,9.616145833333333,0.0,0.0,0.0,0.0,1.0,0.0,0.0,0.0,0.0,0.0,0.0,1.0
2017-02-23,6628.906546068021,9716.078077331147,8.594791666666667,0.0,0.0,0.0,0.0,1.0,0.0,0.0,0.0,0.0,1.0,0.0,0.0
2017-02-24,6643.106305149271,9735.464751613124,4.602083333333334,0.0,0.0,0.0,0.0,1.0,1.0,0.0,0.0,0.0,0.0,0.0,0.0
2017-02-25,6659.153057399687,9756.313616360625,5.213020833333333,0.0,0.0,0.0,0.0,1.0,0.0,0.0,1.0,0.0,0.0,0.0,0.0
2017-02-26,6675.500148457188,9777.204433282188,8.564583333333333,0.0,0.0,0.0,0.0,1.0,0.0,0.0,0.0,1.0,0.0,0.0,0.0
2017-02-27,6690.572544060938,9801.643780950417,8.981250000000001,0.0,0.0,0.0,0.0,1.0,0.0,1.0,0.0,0.0,0.0,0.0,0.0
2017-02-28,6704.415669636875,9823.633078096564,4.956770833333334,0.0,0.0,0.0,0.0,1.0,0.0,0.0,0.0,0.0,0.0,1.0,0.0
2017-03-01,6721.28769146073,9831.164484755,6.667708333333334,0.0,0.0,1.0,0.0,0.0,0.0,0.0,0.0,0.0,0.0,0.0,1.0
2017-03-02,6737.156506637708,9849.190385361042,7.0796874999999995,0.0,0.0,1.0,0.0,0.0,0.0,0.0,0.0,0.0,1.0,0.0,0.0
2017-03-03,6750.604093375521,9878.988382439271,8.451041666666667,0.0,0.0,1.0,0.0,0.0,1.0,0.0,0.0,0.0,0.0,0.0,0.0
2017-03-04,6761.930305698438,9901.576457477708,9.402083333333334,0.0,0.0,1.0,0.0,0.0,0.0,0.0,1.0,0.0,0.0,0.0,0.0
2017-03-05,6775.570460957188,9921.510181436252,6.200520833333333,0.0,0.0,1.0,0.0,0.0,0.0,0.0,0.0,1.0,0.0,0.0,0.0
2017-03-06,6791.686835951042,9936.177308239792,5.690625,0.0,0.0,1.0,0.0,0.0,0.0,1.0,0.0,0.0,0.0,0.0,0.0
2017-03-07,6808.007408915833,9944.722414914062,6.320833333333333,0.0,0.0,1.0,0.0,0.0,0.0,0.0,0.0,0.0,0.0,1.0,0.0
2017-03-08,6823.309433878126,9958.7514076325,7.7953125000000005,0.0,0.0,1.0,0.0,0.0,0.0,0.0,0.0,0.0,0.0,0.0,1.0
2017-03-09,6840.965867492604,9967.383569092397,10.25625,0.0,0.0,1.0,0.0,0.0,0.0,0.0,0.0,0.0,1.0,0.0,0.0
2017-03-10,6857.781208800105,9987.338491921459,7.0109375,0.0,0.0,1.0,0.0,0.0,1.0,0.0,0.0,0.0,0.0,0.0,0.0
2017-03-11,6868.8100516896875,10020.0715282125,8.469270833333333,0.0,0.0,1.0,0.0,0.0,0.0,0.0,1.0,0.0,0.0,0.0,0.0
2017-03-12,6879.763261798541,10052.780655339584,10.13125,0.0,0.0,1.0,0.0,0.0,0.0,0.0,0.0,1.0,0.0,0.0,0.0
2017-03-13,6892.453783889791,10091.69630238125,7.8953125,0.0,0.0,1.0,0.0,0.0,0.0,1.0,0.0,0.0,0.0,0.0,0.0
2017-03-14,6906.564608981876,10131.254367495834,8.424999999999999,0.0,0.0,1.0,0.0,0.0,0.0,0.0,0.0,0.0,0.0,1.0,0.0
2017-03-15,6920.396242147083,10170.891866822916,11.40625,0.0,0.0,1.0,0.0,0.0,0.0,0.0,0.0,0.0,0.0,0.0,1.0
2017-03-16,6938.6933443325,10205.876511819792,11.6796875,0.0,0.0,1.0,0.0,0.0,0.0,0.0,0.0,0.0,1.0,0.0,0.0
2017-03-17,6950.3078049182295,10243.66336780625,8.9078125,0.0,0.0,1.0,0.0,0.0,1.0,0.0,0.0,0.0,0.0,0.0,0.0
2017-03-18,6961.195598516147,10264.243928314583,9.765104166666667,0.0,0.0,1.0,0.0,0.0,0.0,0.0,1.0,0.0,0.0,0.0,0.0
2017-03-19,6974.344697666875,10269.8588081,10.666145833333333,0.0,0.0,1.0,0.0,0.0,0.0,0.0,0.0,1.0,0.0,0.0,0.0
2017-03-20,6985.983547729687,10285.466502977082,10.375,0.0,0.0,1.0,0.0,0.0,0.0,1.0,0.0,0.0,0.0,0.0,0.0
2017-03-21,6994.9686767082285,10312.671284070833,8.208333333333334,0.0,0.0,1.0,0.0,0.0,0.0,0.0,0.0,0.0,0.0,1.0,0.0
2017-03-22,7005.084604898541,10336.328072209375,6.9937499999999995,0.0,0.0,1.0,0.0,0.0,0.0,0.0,0.0,0.0,0.0,0.0,1.0
2017-03-23,7018.05645010875,10369.672854805207,9.296354166666667,0.0,0.0,1.0,0.0,0.0,0.0,0.0,0.0,0.0,1.0,0.0,0.0
2017-03-24,7027.122236367083,10400.316590116667,9.453125,0.0,0.0,1.0,0.0,0.0,1.0,0.0,0.0,0.0,0.0,0.0,0.0
2017-03-25,7036.085304137604,10430.299460266666,10.077604166666667,0.0,0.0,1.0,0.0,0.0,0.0,0.0,1.0,0.0,0.0,0.0,0.0
2017-03-26,7039.825578475208,10472.369258758334,10.3515625,0.0,0.0,1.0,0.0,0.0,0.0,0.0,0.0,1.0,0.0,0.0,0.0
2017-03-27,7043.204742259062,10516.358228882293,11.336979166666666,0.0,0.0,1.0,0.0,0.0,0.0,1.0,0.0,0.0,0.0,0.0,0.0
2017-03-28,7047.100498742396,10563.40191970729,13.21875,0.0,0.0,1.0,0.0,0.0,0.0,0.0,0.0,0.0,0.0,1.0,0.0
2017-03-29,7050.4096322791665,10608.836079869792,12.583333333333334,0.0,0.0,1.0,0.0,0.0,0.0,0.0,0.0,0.0,0.0,0.0,1.0
2017-03-30,7053.635849088958,10658.713572044791,16.587500000000002,0.0,0.0,1.0,0.0,0.0,0.0,0.0,0.0,0.0,1.0,0.0,0.0
2017-03-31,7056.64335872875,10705.881558148958,15.471354166666666,0.0,0.0,1.0,0.0,0.0,1.0,0.0,0.0,0.0,0.0,0.0,0.0
2017-04-01,7060.478149857708,10738.406631114583,11.261979166666668,0.0,0.0,1.0,0.0,0.0,0.0,0.0,1.0,0.0,0.0,0.0,0.0
2017-04-02,7064.100744421667,10769.622102241667,10.969270833333333,0.0,0.0,1.0,0.0,0.0,0.0,0.0,0.0,1.0,0.0,0.0,0.0
2017-04-03,7067.956931727708,10805.204166663541,9.527604166666666,0.0,0.0,1.0,0.0,0.0,0.0,1.0,0.0,0.0,0.0,0.0,0.0
2017-04-04,7072.539887708958,10832.406309783333,10.799479166666666,0.0,0.0,1.0,0.0,0.0,0.0,0.0,0.0,0.0,0.0,1.0,0.0
2017-04-05,7077.050718332396,10862.695590017707,9.021354166666667,0.0,0.0,1.0,0.0,0.0,0.0,0.0,0.0,0.0,0.0,0.0,1.0
2017-04-06,7080.363252948646,10898.510072052084,7.363020833333334,0.0,0.0,1.0,0.0,0.0,0.0,0.0,0.0,0.0,1.0,0.0,0.0
2017-04-07,7084.242942444479,10941.613728596874,8.827083333333333,0.0,0.0,1.0,0.0,0.0,1.0,0.0,0.0,0.0,0.0,0.0,0.0
2017-04-08,7088.0602863862505,10993.36891206354,10.354687499999999,0.0,0.0,1.0,0.0,0.0,0.0,0.0,1.0,0.0,0.0,0.0,0.0
2017-04-09,7091.228074428437,11044.34090065,14.4859375,0.0,0.0,1.0,0.0,0.0,0.0,0.0,0.0,1.0,0.0,0.0,0.0
2017-04-10,7094.338894398438,11094.675863020833,10.557812499999999,0.0,0.0,1.0,0.0,0.0,0.0,1.0,0.0,0.0,0.0,0.0,0.0
2017-04-11,7099.251779645208,11137.747935805208,9.105208333333334,0.0,0.0,1.0,0.0,0.0,0.0,0.0,0.0,0.0,0.0,1.0,0.0
2017-04-12,7104.12245897698,11178.674206788543,9.770833333333334,0.0,0.0,1.0,0.0,0.0,0.0,0.0,0.0,0.0,0.0,0.0,1.0
2017-04-13,7108.426079327083,11220.343086464583,9.393229166666666,0.0,0.0,1.0,0.0,0.0,0.0,0.0,0.0,0.0,1.0,0.0,0.0
2017-04-14,7113.217514658958,11252.023161898958,8.384375,0.0,0.0,1.0,0.0,0.0,1.0,0.0,0.0,0.0,0.0,0.0,0.0
2017-04-15,7118.453630023959,11271.278561702084,8.6,0.0,0.0,1.0,0.0,0.0,0.0,0.0,1.0,0.0,0.0,0.0,0.0
2017-04-16,7125.409146819376,11281.074290825001,8.054166666666667,0.0,0.0,1.0,0.0,0.0,0.0,0.0,0.0,1.0,0.0,0.0,0.0
2017-04-17,7137.957597786563,11290.030154393751,7.722395833333334,0.0,0.0,1.0,0.0,0.0,0.0,1.0,0.0,0.0,0.0,0.0,0.0
2017-04-18,7149.676718780937,11307.726124191666,5.418229166666666,0.0,0.0,1.0,0.0,0.0,0.0,0.0,0.0,0.0,0.0,1.0,0.0
2017-04-19,7159.941887563229,11331.666598314585,4.822916666666667,0.0,0.0,1.0,0.0,0.0,0.0,0.0,0.0,0.0,0.0,0.0,1.0
2017-04-20,7170.674002577188,11362.430389796877,5.897916666666667,0.0,0.0,1.0,0.0,0.0,0.0,0.0,0.0,0.0,1.0,0.0,0.0
2017-04-21,7179.166044149167,11409.293991134376,10.2203125,0.0,0.0,1.0,0.0,0.0,1.0,0.0,0.0,0.0,0.0,0.0,0.0
2017-04-22,7183.235297393333,11456.975355607292,8.769270833333334,0.0,0.0,1.0,0.0,0.0,0.0,0.0,1.0,0.0,0.0,0.0,0.0
2017-04-23,7193.1424693843755,11491.397686287499,6.792708333333334,0.0,0.0,1.0,0.0,0.0,0.0,0.0,0.0,1.0,0.0,0.0,0.0
2017-04-24,7197.488842788959,11540.147865133333,9.634895833333333,0.0,0.0,1.0,0.0,0.0,0.0,1.0,0.0,0.0,0.0,0.0,0.0
2017-04-25,7205.545566795208,11572.348392759375,5.933333333333334,0.0,0.0,1.0,0.0,0.0,0.0,0.0,0.0,0.0,0.0,1.0,0.0
2017-04-26,7218.302155944583,11574.735942002082,5.304166666666666,0.0,0.0,1.0,0.0,0.0,0.0,0.0,0.0,0.0,0.0,0.0,1.0
2017-04-27,7233.982523110938,11576.725210047916,5.734375,0.0,0.0,1.0,0.0,0.0,0.0,0.0,0.0,0.0,1.0,0.0,0.0
2017-04-28,7251.339794492917,11582.8117277125,7.701041666666666,0.0,0.0,1.0,0.0,0.0,1.0,0.0,0.0,0.0,0.0,0.0,0.0
2017-04-29,7262.933003950001,11612.407010217708,9.260937499999999,0.0,0.0,1.0,0.0,0.0,0.0,0.0,1.0,0.0,0.0,0.0,0.0
2017-04-30,7266.205762894167,11664.772118745832,13.973958333333334,0.0,0.0,1.0,0.0,0.0,0.0,0.0,0.0,1.0,0.0,0.0,0.0
2017-05-01,7269.819373798021,11698.571830331251,10.598958333333334,0.0,0.0,1.0,0.0,0.0,0.0,1.0,0.0,0.0,0.0,0.0,0.0
2017-05-02,7279.456169756249,11726.34182384375,9.544270833333334,0.0,0.0,1.0,0.0,0.0,0.0,0.0,0.0,0.0,0.0,1.0,0.0
2017-05-03,7284.413793117707,11758.443879679166,9.735416666666667,0.0,0.0,1.0,0.0,0.0,0.0,0.0,0.0,0.0,0.0,0.0,1.0
2017-05-04,7287.68219086375,11787.657498614584,11.033854166666666,0.0,0.0,1.0,0.0,0.0,0.0,0.0,0.0,0.0,1.0,0.0,0.0
2017-05-05,7290.444694479687,11831.772281311458,9.798958333333333,0.0,0.0,1.0,0.0,0.0,1.0,0.0,0.0,0.0,0.0,0.0,0.0
2017-05-06,7294.061738576146,11874.266910008335,13.073437499999999,0.0,0.0,1.0,0.0,0.0,0.0,0.0,1.0,0.0,0.0,0.0,0.0
2017-05-07,7299.692286815312,11888.458157166666,11.210416666666667,0.0,0.0,1.0,0.0,0.0,0.0,0.0,0.0,1.0,0.0,0.0,0.0
2017-05-08,7318.5338903420825,11896.637568796876,9.3046875,0.0,0.0,1.0,0.0,0.0,0.0,1.0,0.0,0.0,0.0,0.0,0.0
2017-05-09,7324.721710569374,11918.457843840624,9.55625,0.0,0.0,1.0,0.0,0.0,0.0,0.0,0.0,0.0,0.0,1.0,0.0
2017-05-10,7328.092772224375,11967.083672454166,12.168750000000001,0.0,0.0,1.0,0.0,0.0,0.0,0.0,0.0,0.0,0.0,0.0,1.0
2017-05-11,7330.790710694167,12014.193619739583,15.193229166666667,0.0,0.0,1.0,0.0,0.0,0.0,0.0,0.0,0.0,1.0,0.0,0.0
2017-05-12,7333.831087709583,12056.32306253854,15.909895833333332,0.0,0.0,1.0,0.0,0.0,1.0,0.0,0.0,0.0,0.0,0.0,0.0
2017-05-13,7337.448131805938,12098.81769123229,14.608854166666667,0.0,0.0,1.0,0.0,0.0,0.0,0.0,1.0,0.0,0.0,0.0,0.0
2017-05-14,7342.150017789168,12117.689394017709,14.668229166666668,0.0,0.0,1.0,0.0,0.0,0.0,0.0,0.0,1.0,0.0,0.0,0.0
2017-05-15,7345.614943110417,12156.641163734375,15.974479166666667,0.0,0.0,1.0,0.0,0.0,0.0,1.0,0.0,0.0,0.0,0.0,0.0
2017-05-16,7348.699521853542,12213.121954547916,21.154166666666665,0.0,0.0,1.0,0.0,0.0,0.0,0.0,0.0,0.0,0.0,1.0,0.0
2017-05-17,7351.131456559583,12273.145612030208,23.176041666666666,0.0,0.0,1.0,0.0,0.0,0.0,0.0,0.0,0.0,0.0,0.0,1.0
2017-05-18,7353.448967216667,12326.40757531875,16.855729166666666,0.0,0.0,1.0,0.0,0.0,0.0,0.0,0.0,0.0,1.0,0.0,0.0
2017-05-19,7356.156387416355,12351.162989621875,11.831770833333332,0.0,0.0,1.0,0.0,0.0,1.0,0.0,0.0,0.0,0.0,0.0,0.0
2017-05-20,7359.839597768438,12383.821708055208,11.808333333333332,0.0,0.0,1.0,0.0,0.0,0.0,0.0,1.0,0.0,0.0,0.0,0.0
2017-05-21,7363.132805691458,12434.295802071874,14.658333333333333,0.0,0.0,1.0,0.0,0.0,0.0,0.0,0.0,1.0,0.0,0.0,0.0
2017-05-22,7365.594896733437,12491.065823309376,18.690104166666668,0.0,0.0,1.0,0.0,0.0,0.0,1.0,0.0,0.0,0.0,0.0,0.0
2017-05-23,7369.6077144531255,12547.808311431249,17.346354166666668,0.0,0.0,1.0,0.0,0.0,0.0,0.0,0.0,0.0,0.0,1.0,0.0
2017-05-24,7376.562291166146,12597.021331759375,17.080208333333335,0.0,0.0,1.0,0.0,0.0,0.0,0.0,0.0,0.0,0.0,0.0,1.0
2017-05-25,7379.312939837917,12648.125853706251,18.093229166666667,0.0,0.0,1.0,0.0,0.0,0.0,0.0,0.0,0.0,1.0,0.0,0.0
2017-05-26,7381.519188720625,12705.304570183333,21.147916666666667,0.0,0.0,1.0,0.0,0.0,1.0,0.0,0.0,0.0,0.0,0.0,0.0
2017-05-27,7384.482421507396,12762.663960046875,23.57604166666667,0.0,0.0,1.0,0.0,0.0,0.0,0.0,1.0,0.0,0.0,0.0,0.0
2017-05-28,7387.551017587604,12816.381090665624,22.1140625,0.0,0.0,1.0,0.0,0.0,0.0,0.0,0.0,1.0,0.0,0.0,0.0
2017-05-29,7390.9820134095835,12863.232275098957,24.114583333333332,0.0,0.0,1.0,0.0,0.0,0.0,1.0,0.0,0.0,0.0,0.0,0.0
2017-05-30,7393.718172106251,12913.407353785418,18.1828125,0.0,0.0,1.0,0.0,0.0,0.0,0.0,0.0,0.0,0.0,1.0,0.0
2017-05-31,7396.347877549896,12961.410763983333,17.420833333333334,0.0,0.0,1.0,0.0,0.0,0.0,0.0,0.0,0.0,0.0,0.0,1.0
2017-06-01,7398.995442131979,13011.4853899625,20.025520833333335,0.0,0.0,0.0,1.0,0.0,0.0,0.0,0.0,0.0,1.0,0.0,0.0
2017-06-02,7401.631899466146,13064.33816894271,21.824479166666666,0.0,0.0,0.0,1.0,0.0,1.0,0.0,0.0,0.0,0.0,0.0,0.0
2017-06-03,7405.448654842813,13117.199736071874,19.019270833333334,0.0,0.0,0.0,1.0,0.0,0.0,0.0,1.0,0.0,0.0,0.0,0.0
2017-06-04,7408.989025388438,13164.702824584376,15.530729166666667,0.0,0.0,0.0,1.0,0.0,0.0,0.0,0.0,1.0,0.0,0.0,0.0
2017-06-05,7410.88976622875,13197.276958071874,16.938541666666666,0.0,0.0,0.0,1.0,0.0,0.0,1.0,0.0,0.0,0.0,0.0,0.0
2017-06-06,7412.651726907187,13213.860168602083,14.330208333333333,0.0,0.0,0.0,1.0,0.0,0.0,0.0,0.0,0.0,0.0,1.0,0.0
2017-06-07,7414.382474479375,13253.643430967708,14.081249999999999,0.0,0.0,0.0,1.0,0.0,0.0,0.0,0.0,0.0,0.0,0.0,1.0
2017-06-08,7416.006161413229,13317.637977248958,18.769791666666666,0.0,0.0,0.0,1.0,0.0,0.0,0.0,0.0,0.0,1.0,0.0,0.0
2017-06-09,7417.892697671458,13365.924145887499,16.8875,0.0,0.0,0.0,1.0,0.0,1.0,0.0,0.0,0.0,0.0,0.0,0.0
2017-06-10,7420.9621072904165,13406.328159767707,18.875,0.0,0.0,0.0,1.0,0.0,0.0,0.0,1.0,0.0,0.0,0.0,0.0
2017-06-11,7423.2975426207295,13459.726613290624,22.372395833333332,0.0,0.0,0.0,1.0,0.0,0.0,0.0,0.0,1.0,0.0,0.0,0.0
2017-06-12,7425.798884362292,13508.71499400625,15.571875,0.0,0.0,0.0,1.0,0.0,0.0,1.0,0.0,0.0,0.0,0.0,0.0
2017-06-13,7428.36417725448,13563.129063087501,16.400000000000002,0.0,0.0,0.0,1.0,0.0,0.0,0.0,0.0,0.0,0.0,1.0,0.0
2017-06-14,7431.587246158645,13615.669384035418,19.550520833333334,0.0,0.0,0.0,1.0,0.0,0.0,0.0,0.0,0.0,0.0,0.0,1.0
2017-06-15,7433.993213192916,13666.159926346874,21.758333333333336,0.0,0.0,0.0,1.0,0.0,0.0,0.0,0.0,0.0,1.0,0.0,0.0
2017-06-16,7436.922409845,13719.452085452083,16.2453125,0.0,0.0,0.0,1.0,0.0,1.0,0.0,0.0,0.0,0.0,0.0,0.0
2017-06-17,7439.241179915521,13768.014505954166,19.653645833333332,0.0,0.0,0.0,1.0,0.0,0.0,0.0,1.0,0.0,0.0,0.0,0.0
2017-06-18,7441.3852988475,13816.652750242707,21.904687499999998,0.0,0.0,0.0,1.0,0.0,0.0,0.0,0.0,1.0,0.0,0.0,0.0
2017-06-19,7443.735731043541,13873.063941549999,24.66979166666667,0.0,0.0,0.0,1.0,0.0,0.0,1.0,0.0,0.0,0.0,0.0,0.0
2017-06-20,7445.945167590312,13926.779695916666,25.80260416666667,0.0,0.0,0.0,1.0,0.0,0.0,0.0,0.0,0.0,0.0,1.0,0.0
2017-06-21,7448.1725545733325,13973.713053127083,25.15416666666667,0.0,0.0,0.0,1.0,0.0,0.0,0.0,0.0,0.0,0.0,0.0,1.0
2017-06-22,7450.653370543958,14023.631945883333,25.231770833333332,0.0,0.0,0.0,1.0,0.0,0.0,0.0,0.0,0.0,1.0,0.0,0.0
2017-06-23,7454.678658087709,14073.933526360415,18.911979166666665,0.0,0.0,0.0,1.0,0.0,1.0,0.0,0.0,0.0,0.0,0.0,0.0
2017-06-24,7457.551699536562,14117.068318429165,17.576562499999998,0.0,0.0,0.0,1.0,0.0,0.0,0.0,1.0,0.0,0.0,0.0,0.0
2017-06-25,7461.907548570104,14157.52554703125,18.247395833333332,0.0,0.0,0.0,1.0,0.0,0.0,0.0,0.0,1.0,0.0,0.0,0.0
2017-06-26,7464.6623216875005,14204.218413535416,18.928124999999998,0.0,0.0,0.0,1.0,0.0,0.0,1.0,0.0,0.0,0.0,0.0,0.0
2017-06-27,7467.032699800417,14245.33692298125,17.393229166666668,0.0,0.0,0.0,1.0,0.0,0.0,0.0,0.0,0.0,0.0,1.0,0.0
2017-06-28,7469.929078720521,14283.202762665625,18.44635416666667,0.0,0.0,0.0,1.0,0.0,0.0,0.0,0.0,0.0,0.0,0.0,1.0
2017-06-29,7473.389394788646,14318.52316610729,17.315625,0.0,0.0,0.0,1.0,0.0,0.0,0.0,0.0,0.0,1.0,0.0,0.0
2017-06-30,7477.966268583542,14356.797741459375,17.482812499999998,0.0,0.0,0.0,1.0,0.0,1.0,0.0,0.0,0.0,0.0,0.0,0.0
2017-07-01,7484.672320308021,14405.613330489583,15.075520833333334,0.0,0.0,0.0,1.0,0.0,0.0,0.0,1.0,0.0,0.0,0.0,0.0
2017-07-02,7487.250799413646,14434.39481956875,15.571354166666666,0.0,0.0,0.0,1.0,0.0,0.0,0.0,0.0,1.0,0.0,0.0,0.0
2017-07-03,7491.297118677708,14464.989018773958,17.097916666666666,0.0,0.0,0.0,1.0,0.0,0.0,1.0,0.0,0.0,0.0,0.0,0.0
2017-07-04,7495.072473978125,14514.725542605207,17.861458333333335,0.0,0.0,0.0,1.0,0.0,0.0,0.0,0.0,0.0,0.0,1.0,0.0
2017-07-05,7498.589330932396,14568.720061851041,20.899479166666666,0.0,0.0,0.0,1.0,0.0,0.0,0.0,0.0,0.0,0.0,0.0,1.0
2017-07-06,7501.005557013229,14625.523032953124,21.571354166666666,0.0,0.0,0.0,1.0,0.0,0.0,0.0,0.0,0.0,1.0,0.0,0.0
2017-07-07,7503.753510584272,14678.301418176043,22.957291666666666,0.0,0.0,0.0,1.0,0.0,1.0,0.0,0.0,0.0,0.0,0.0,0.0
2017-07-08,7506.766079587396,14726.364336228124,20.167708333333334,0.0,0.0,0.0,1.0,0.0,0.0,0.0,1.0,0.0,0.0,0.0,0.0
2017-07-09,7510.192965405417,14763.993568352083,20.030208333333334,0.0,0.0,0.0,1.0,0.0,0.0,0.0,0.0,1.0,0.0,0.0,0.0
2017-07-10,7514.133233221979,14797.595761827084,19.125520833333333,0.0,0.0,0.0,1.0,0.0,0.0,1.0,0.0,0.0,0.0,0.0,0.0
2017-07-11,7517.904815816354,14835.103143059374,17.670833333333334,0.0,0.0,0.0,1.0,0.0,0.0,0.0,0.0,0.0,0.0,1.0,0.0
2017-07-12,7524.629280403333,14869.944928767707,16.3125,0.0,0.0,0.0,1.0,0.0,0.0,0.0,0.0,0.0,0.0,0.0,1.0
2017-07-13,7529.8539621473965,14917.207201966667,16.096354166666668,0.0,0.0,0.0,1.0,0.0,0.0,0.0,0.0,0.0,1.0,0.0,0.0
2017-07-14,7534.02151866927,14957.554389924999,16.372916666666665,0.0,0.0,0.0,1.0,0.0,1.0,0.0,0.0,0.0,0.0,0.0,0.0
2017-07-15,7539.0687876,14998.05561413854,17.3984375,0.0,0.0,0.0,1.0,0.0,0.0,0.0,1.0,0.0,0.0,0.0,0.0
2017-07-16,7542.67661414875,15053.077300027084,18.590625,0.0,0.0,0.0,1.0,0.0,0.0,0.0,0.0,1.0,0.0,0.0,0.0
2017-07-17,7546.433325151771,15111.172652972915,19.363020833333334,0.0,0.0,0.0,1.0,0.0,0.0,1.0,0.0,0.0,0.0,0.0,0.0
2017-07-18,7549.745726230416,15165.109076452083,22.222916666666666,0.0,0.0,0.0,1.0,0.0,0.0,0.0,0.0,0.0,0.0,1.0,0.0
2017-07-19,7552.929602944583,15210.858128606249,24.19739583333333,0.0,0.0,0.0,1.0,0.0,0.0,0.0,0.0,0.0,0.0,0.0,1.0
2017-07-20,7556.211552782708,15251.704151875,18.919270833333332,0.0,0.0,0.0,1.0,0.0,0.0,0.0,0.0,0.0,1.0,0.0,0.0
2017-07-21,7559.5431029756255,15293.115929204165,19.035416666666666,0.0,0.0,0.0,1.0,0.0,1.0,0.0,0.0,0.0,0.0,0.0,0.0
2017-07-22,7562.834900240313,15339.306945276041,18.363541666666666,0.0,0.0,0.0,1.0,0.0,0.0,0.0,1.0,0.0,0.0,0.0,0.0
2017-07-23,7566.162876035104,15376.903230011458,15.454166666666666,0.0,0.0,0.0,1.0,0.0,0.0,0.0,0.0,1.0,0.0,0.0,0.0
2017-07-24,7568.845952496875,15399.662594214584,15.549999999999999,0.0,0.0,0.0,1.0,0.0,0.0,1.0,0.0,0.0,0.0,0.0,0.0
2017-07-25,7574.448282742396,15420.820086957292,16.4265625,0.0,0.0,0.0,1.0,0.0,0.0,0.0,0.0,0.0,0.0,1.0,0.0
2017-07-26,7581.342678261563,15443.072520842708,18.2734375,0.0,0.0,0.0,1.0,0.0,0.0,0.0,0.0,0.0,0.0,0.0,1.0
2017-07-27,7585.098992894063,15464.931066707291,17.913541666666667,0.0,0.0,0.0,1.0,0.0,0.0,0.0,0.0,0.0,1.0,0.0,0.0
2017-07-28,7588.6931874782285,15492.642711609375,17.1203125,0.0,0.0,0.0,1.0,0.0,1.0,0.0,0.0,0.0,0.0,0.0,0.0
2017-07-29,7591.25929677375,15535.952853110417,21.534895833333334,0.0,0.0,0.0,1.0,0.0,0.0,0.0,1.0,0.0,0.0,0.0,0.0
2017-07-30,7593.666945212396,15582.501408154167,20.590625,0.0,0.0,0.0,1.0,0.0,0.0,0.0,0.0,1.0,0.0,0.0,0.0
2017-07-31,7597.2445805852085,15619.1925022375,18.8078125,0.0,0.0,0.0,1.0,0.0,0.0,1.0,0.0,0.0,0.0,0.0,0.0
2017-08-01,7602.747238303647,15655.167352676042,18.267708333333335,0.0,0.0,0.0,1.0,0.0,0.0,0.0,0.0,0.0,0.0,1.0,0.0
2017-08-02,7605.878862384376,15699.495800871875,18.006770833333334,0.0,0.0,0.0,1.0,0.0,0.0,0.0,0.0,0.0,0.0,0.0,1.0
2017-08-03,7609.427793689688,15745.727638844792,19.783333333333335,0.0,0.0,0.0,1.0,0.0,0.0,0.0,0.0,0.0,1.0,0.0,0.0
2017-08-04,7612.772047641042,15781.653602517707,18.993750000000002,0.0,0.0,0.0,1.0,0.0,1.0,0.0,0.0,0.0,0.0,0.0,0.0
2017-08-05,7615.646249709687,15820.53489448125,15.593229166666667,0.0,0.0,0.0,1.0,0.0,0.0,0.0,1.0,0.0,0.0,0.0,0.0
2017-08-06,7619.014923336667,15855.434619666667,16.0109375,0.0,0.0,0.0,1.0,0.0,0.0,0.0,0.0,1.0,0.0,0.0,0.0
2017-08-07,7622.848604945729,15896.01902881771,17.511979166666666,0.0,0.0,0.0,1.0,0.0,0.0,1.0,0.0,0.0,0.0,0.0,0.0
2017-08-08,7626.461001954688,15932.466253995832,15.594791666666666,0.0,0.0,0.0,1.0,0.0,0.0,0.0,0.0,0.0,0.0,1.0,0.0
2017-08-09,7630.697370699375,15954.548889871876,16.521874999999998,0.0,0.0,0.0,1.0,0.0,0.0,0.0,0.0,0.0,0.0,0.0,1.0
2017-08-10,7635.1022972938545,15969.401561820834,14.606250000000001,0.0,0.0,0.0,1.0,0.0,0.0,0.0,0.0,0.0,1.0,0.0,0.0
2017-08-11,7640.908926263021,15974.951254421874,16.639062499999998,0.0,0.0,0.0,1.0,0.0,1.0,0.0,0.0,0.0,0.0,0.0,0.0
2017-08-12,7663.452709332083,15984.929027135417,15.813020833333333,0.0,0.0,0.0,1.0,0.0,0.0,0.0,1.0,0.0,0.0,0.0,0.0
2017-08-13,7672.875556781146,16019.146259561458,17.157812500000002,0.0,0.0,0.0,1.0,0.0,0.0,0.0,0.0,1.0,0.0,0.0,0.0
2017-08-14,7675.814796384167,16073.436168154165,19.2890625,0.0,0.0,0.0,1.0,0.0,0.0,1.0,0.0,0.0,0.0,0.0,0.0
2017-08-15,7680.404398534167,16123.692169597916,18.585416666666667,0.0,0.0,0.0,1.0,0.0,0.0,0.0,0.0,0.0,0.0,1.0,0.0
2017-08-16,7687.057504367396,16169.37503271146,17.918229166666666,0.0,0.0,0.0,1.0,0.0,0.0,0.0,0.0,0.0,0.0,0.0,1.0
2017-08-17,7690.895406388333,16215.80921265,18.058854166666666,0.0,0.0,0.0,1.0,0.0,0.0,0.0,0.0,0.0,1.0,0.0,0.0
2017-08-18,7693.948229518125,16262.167472443749,17.017187500000002,0.0,0.0,0.0,1.0,0.0,1.0,0.0,0.0,0.0,0.0,0.0,0.0
2017-08-19,7697.386632572812,16298.282243276042,15.443750000000001,0.0,0.0,0.0,1.0,0.0,0.0,0.0,1.0,0.0,0.0,0.0,0.0
2017-08-20,7701.054660709688,16336.700941864583,15.6171875,0.0,0.0,0.0,1.0,0.0,0.0,0.0,0.0,1.0,0.0,0.0,0.0
2017-08-21,7703.788291273646,16378.362473702085,16.756249999999998,0.0,0.0,0.0,1.0,0.0,0.0,1.0,0.0,0.0,0.0,0.0,0.0
2017-08-22,7706.396007109791,16423.62361174896,19.794791666666665,0.0,0.0,0.0,1.0,0.0,0.0,0.0,0.0,0.0,0.0,1.0,0.0
2017-08-23,7709.066875661355,16472.056930333336,21.220312500000002,0.0,0.0,0.0,1.0,0.0,0.0,0.0,0.0,0.0,0.0,0.0,1.0
2017-08-24,7712.886280218542,16518.309861991667,18.007291666666667,0.0,0.0,0.0,1.0,0.0,0.0,0.0,0.0,0.0,1.0,0.0,0.0
2017-08-25,7717.136820256146,16556.84501093542,19.508854166666666,0.0,0.0,0.0,1.0,0.0,1.0,0.0,0.0,0.0,0.0,0.0,0.0
2017-08-26,7721.973728660104,16594.077794352084,21.143229166666668,0.0,0.0,0.0,1.0,0.0,0.0,0.0,1.0,0.0,0.0,0.0,0.0
2017-08-27,7726.936012821875,16630.665384482294,20.390104166666667,0.0,0.0,0.0,1.0,0.0,0.0,0.0,0.0,1.0,0.0,0.0,0.0
2017-08-28,7730.856123568854,16665.77903764375,21.62708333333333,0.0,0.0,0.0,1.0,0.0,0.0,1.0,0.0,0.0,0.0,0.0,0.0
2017-08-29,7734.431839486562,16704.449382984374,24.506770833333334,0.0,0.0,0.0,1.0,0.0,0.0,0.0,0.0,0.0,0.0,1.0,0.0
2017-08-30,7737.908691451562,16746.814107979168,19.550520833333334,0.0,0.0,0.0,1.0,0.0,0.0,0.0,0.0,0.0,0.0,0.0,1.0
2017-08-31,7743.825608385105,16765.06362948125,15.114583333333334,0.0,0.0,0.0,1.0,0.0,0.0,0.0,0.0,0.0,1.0,0.0,0.0
2017-09-01,7750.282704911875,16771.716276590625,13.8125,0.0,1.0,0.0,0.0,0.0,1.0,0.0,0.0,0.0,0.0,0.0,0.0
2017-09-02,7753.618212346771,16785.975659577085,14.505208333333334,0.0,1.0,0.0,0.0,0.0,0.0,0.0,1.0,0.0,0.0,0.0,0.0
2017-09-03,7757.789298975313,16817.620294760418,14.391666666666666,0.0,1.0,0.0,0.0,0.0,0.0,0.0,0.0,1.0,0.0,0.0,0.0
2017-09-04,7760.899546035521,16861.283741533334,15.860416666666667,0.0,1.0,0.0,0.0,0.0,0.0,1.0,0.0,0.0,0.0,0.0,0.0
2017-09-05,7764.161889265209,16900.633837346875,19.265625,0.0,1.0,0.0,0.0,0.0,0.0,0.0,0.0,0.0,0.0,1.0,0.0
2017-09-06,7767.622915435,16943.005800770832,16.196354166666666,0.0,1.0,0.0,0.0,0.0,0.0,0.0,0.0,0.0,0.0,0.0,1.0
2017-09-07,7771.333307779063,16978.04188402396,14.932812499999999,0.0,1.0,0.0,0.0,0.0,0.0,0.0,0.0,0.0,1.0,0.0,0.0
2017-09-08,7774.3009601680205,17015.8515378375,14.929166666666667,0.0,1.0,0.0,0.0,0.0,1.0,0.0,0.0,0.0,0.0,0.0,0.0
2017-09-09,7777.697098307292,17038.0223390125,13.156770833333333,0.0,1.0,0.0,0.0,0.0,0.0,0.0,1.0,0.0,0.0,0.0,0.0
2017-09-10,7781.811688561979,17054.217360985418,12.966666666666667,0.0,1.0,0.0,0.0,0.0,0.0,0.0,0.0,1.0,0.0,0.0,0.0
2017-09-11,7786.050203549584,17080.428809410416,13.7828125,0.0,1.0,0.0,0.0,0.0,0.0,1.0,0.0,0.0,0.0,0.0,0.0
2017-09-12,7790.362187903021,17102.838882426044,14.204166666666666,0.0,1.0,0.0,0.0,0.0,0.0,0.0,0.0,0.0,0.0,1.0,0.0
2017-09-13,7793.891941764062,17123.269273404167,14.6734375,0.0,1.0,0.0,0.0,0.0,0.0,0.0,0.0,0.0,0.0,0.0,1.0
2017-09-14,7799.517891315937,17135.079481777084,11.419270833333334,0.0,1.0,0.0,0.0,0.0,0.0,0.0,0.0,0.0,1.0,0.0,0.0
2017-09-15,7805.54057316625,17163.87598581771,11.323437499999999,0.0,1.0,0.0,0.0,0.0,1.0,0.0,0.0,0.0,0.0,0.0,0.0
2017-09-16,7808.948113595104,17202.337453321878,10.667187499999999,0.0,1.0,0.0,0.0,0.0,0.0,0.0,1.0,0.0,0.0,0.0,0.0
2017-09-17,7813.395354287917,17232.758246803125,11.245312499999999,0.0,1.0,0.0,0.0,0.0,0.0,0.0,0.0,1.0,0.0,0.0,0.0
2017-09-18,7819.110114481042,17263.353004183333,11.563541666666666,0.0,1.0,0.0,0.0,0.0,0.0,1.0,0.0,0.0,0.0,0.0,0.0
2017-09-19,7823.109564216354,17294.355062920837,12.990104166666667,0.0,1.0,0.0,0.0,0.0,0.0,0.0,0.0,0.0,0.0,1.0,0.0
2017-09-20,7827.508177990625,17319.896930420833,13.181770833333333,0.0,1.0,0.0,0.0,0.0,0.0,0.0,0.0,0.0,0.0,0.0,1.0
2017-09-21,7830.887153634583,17358.56446036354,13.700000000000001,0.0,1.0,0.0,0.0,0.0,0.0,0.0,0.0,0.0,1.0,0.0,0.0
2017-09-22,7834.6604299201035,17403.272708127082,13.295833333333334,0.0,1.0,0.0,0.0,0.0,1.0,0.0,0.0,0.0,0.0,0.0,0.0
2017-09-23,7838.777474927604,17442.18128007292,12.283854166666666,0.0,1.0,0.0,0.0,0.0,0.0,0.0,1.0,0.0,0.0,0.0,0.0
2017-09-24,7842.239294425209,17472.795721275,14.430208333333333,0.0,1.0,0.0,0.0,0.0,0.0,0.0,0.0,1.0,0.0,0.0,0.0
2017-09-25,7845.863695960626,17503.058560795835,15.102604166666666,0.0,1.0,0.0,0.0,0.0,0.0,1.0,0.0,0.0,0.0,0.0,0.0
2017-09-26,7850.693344064167,17537.69069760521,14.631770833333334,0.0,1.0,0.0,0.0,0.0,0.0,0.0,0.0,0.0,0.0,1.0,0.0
2017-09-27,7860.350915856146,17573.210650167708,15.1546875,0.0,1.0,0.0,0.0,0.0,0.0,0.0,0.0,0.0,0.0,0.0,1.0
2017-09-28,7864.1012443710415,17604.381943215627,16.633333333333333,0.0,1.0,0.0,0.0,0.0,0.0,0.0,0.0,0.0,1.0,0.0,0.0
2017-09-29,7868.0917428739585,17629.096226495833,18.558854166666666,0.0,1.0,0.0,0.0,0.0,1.0,0.0,0.0,0.0,0.0,0.0,0.0
2017-09-30,7871.58660126125,17657.295943715628,13.329166666666666,0.0,1.0,0.0,0.0,0.0,0.0,0.0,1.0,0.0,0.0,0.0,0.0
2017-10-01,7875.020788621146,17678.923640796875,13.8890625,0.0,1.0,0.0,0.0,0.0,0.0,0.0,0.0,1.0,0.0,0.0,0.0
2017-10-02,7879.871597506771,17694.94506167396,15.617708333333333,0.0,1.0,0.0,0.0,0.0,0.0,1.0,0.0,0.0,0.0,0.0,0.0
2017-10-03,7886.964199338229,17713.1201938125,11.99375,0.0,1.0,0.0,0.0,0.0,0.0,0.0,0.0,0.0,0.0,1.0,0.0
2017-10-04,7891.484818749166,17739.713587789585,12.2265625,0.0,1.0,0.0,0.0,0.0,0.0,0.0,0.0,0.0,0.0,0.0,1.0
2017-10-05,7895.490653782813,17775.294668848957,12.030208333333334,0.0,1.0,0.0,0.0,0.0,0.0,0.0,0.0,0.0,1.0,0.0,0.0
2017-10-06,7899.4072758067705,17803.394383338542,10.518229166666666,0.0,1.0,0.0,0.0,0.0,1.0,0.0,0.0,0.0,0.0,0.0,0.0
2017-10-07,7905.0969541019795,17823.861453803125,10.327083333333333,0.0,1.0,0.0,0.0,0.0,0.0,0.0,1.0,0.0,0.0,0.0,0.0
2017-10-08,7917.792213555208,17840.42476236771,12.192187500000001,0.0,1.0,0.0,0.0,0.0,0.0,0.0,0.0,1.0,0.0,0.0,0.0
2017-10-09,7929.401166039063,17852.589197109377,12.996875000000001,0.0,1.0,0.0,0.0,0.0,0.0,1.0,0.0,0.0,0.0,0.0,0.0
2017-10-10,7936.172007121667,17873.679802247916,14.1,0.0,1.0,0.0,0.0,0.0,0.0,0.0,0.0,0.0,0.0,1.0,0.0
2017-10-11,7941.945707388542,17906.991317782293,14.318229166666667,0.0,1.0,0.0,0.0,0.0,0.0,0.0,0.0,0.0,0.0,0.0,1.0
2017-10-12,7945.762768624479,17942.01045449271,14.106770833333334,0.0,1.0,0.0,0.0,0.0,0.0,0.0,0.0,0.0,1.0,0.0,0.0
2017-10-13,7949.807897380833,17973.481795475,15.918750000000001,0.0,1.0,0.0,0.0,0.0,1.0,0.0,0.0,0.0,0.0,0.0,0.0
2017-10-14,7954.553494904479,18004.718204094792,16.021874999999998,0.0,1.0,0.0,0.0,0.0,0.0,0.0,1.0,0.0,0.0,0.0,0.0
2017-10-15,7960.678125996251,18028.680403365626,17.623437499999998,0.0,1.0,0.0,0.0,0.0,0.0,0.0,0.0,1.0,0.0,0.0,0.0
2017-10-16,7969.515453485313,18054.809168779168,19.874479166666667,0.0,1.0,0.0,0.0,0.0,0.0,1.0,0.0,0.0,0.0,0.0,0.0
2017-10-17,7974.371357304895,18083.219323281253,15.058854166666668,0.0,1.0,0.0,0.0,0.0,0.0,0.0,0.0,0.0,0.0,1.0,0.0
2017-10-18,7978.926470359688,18110.869684946876,15.434375000000001,0.0,1.0,0.0,0.0,0.0,0.0,0.0,0.0,0.0,0.0,0.0,1.0
2017-10-19,7983.745707780105,18142.097505891667,16.9953125,0.0,1.0,0.0,0.0,0.0,0.0,0.0,0.0,0.0,1.0,0.0,0.0
2017-10-20,7987.963200630312,18169.046781240624,13.4984375,0.0,1.0,0.0,0.0,0.0,1.0,0.0,0.0,0.0,0.0,0.0,0.0
2017-10-21,7993.123246980937,18187.170545183337,13.644270833333332,0.0,1.0,0.0,0.0,0.0,0.0,0.0,1.0,0.0,0.0,0.0,0.0
2017-10-22,8001.2562763014585,18205.26724840417,9.916666666666666,0.0,1.0,0.0,0.0,0.0,0.0,0.0,0.0,1.0,0.0,0.0,0.0
2017-10-23,8012.7201675891665,18219.6688154625,11.305729166666666,0.0,1.0,0.0,0.0,0.0,0.0,1.0,0.0,0.0,0.0,0.0,0.0
2017-10-24,8027.580648977604,18238.947262609374,14.915625,0.0,1.0,0.0,0.0,0.0,0.0,0.0,0.0,0.0,0.0,1.0,0.0
2017-10-25,8033.275328003125,18268.69576323021,15.148958333333333,0.0,1.0,0.0,0.0,0.0,0.0,0.0,0.0,0.0,0.0,0.0,1.0
2017-10-26,8039.1312154883335,18297.906705863545,14.483333333333334,0.0,1.0,0.0,0.0,0.0,0.0,0.0,0.0,0.0,1.0,0.0,0.0
2017-10-27,8043.053116631666,18321.168283502084,11.473958333333334,0.0,1.0,0.0,0.0,0.0,1.0,0.0,0.0,0.0,0.0,0.0,0.0
2017-10-28,8048.948046529063,18335.827139033336,10.063541666666667,0.0,1.0,0.0,0.0,0.0,0.0,0.0,1.0,0.0,0.0,0.0,0.0
2017-10-29,8069.650367436563,18341.000803390627,10.351041666666667,0.0,1.0,0.0,0.0,0.0,0.0,0.0,0.0,1.0,0.0,0.0,0.0
2017-10-30,8092.3575027126035,18350.52376714271,7.146354166666666,0.0,1.0,0.0,0.0,0.0,0.0,1.0,0.0,0.0,0.0,0.0,0.0
2017-10-31,8107.1425922676035,18367.93120747396,8.654166666666667,0.0,1.0,0.0,0.0,0.0,0.0,0.0,0.0,0.0,0.0,1.0,0.0
2017-11-01,8122.818596278022,18385.110341830212,10.285937500000001,0.0,1.0,0.0,0.0,0.0,0.0,0.0,0.0,0.0,0.0,0.0,1.0
2017-11-02,8137.52054724177,18399.70233079271,8.943229166666667,0.0,1.0,0.0,0.0,0.0,0.0,0.0,0.0,0.0,1.0,0.0,0.0
2017-11-03,8150.078181289584,18418.47187697396,9.589583333333334,0.0,1.0,0.0,0.0,0.0,1.0,0.0,0.0,0.0,0.0,0.0,0.0
2017-11-04,8163.125952172603,18438.31301599792,10.807812499999999,0.0,1.0,0.0,0.0,0.0,0.0,0.0,1.0,0.0,0.0,0.0,0.0
2017-11-05,8180.289167211146,18445.6595496875,6.803645833333333,0.0,1.0,0.0,0.0,0.0,0.0,0.0,0.0,1.0,0.0,0.0,0.0
2017-11-06,8204.806628675104,18446.707800425003,5.284895833333334,0.0,1.0,0.0,0.0,0.0,0.0,1.0,0.0,0.0,0.0,0.0,0.0
2017-11-07,8230.06250983698,18447.639922860417,4.213541666666667,0.0,1.0,0.0,0.0,0.0,0.0,0.0,0.0,0.0,0.0,1.0,0.0
2017-11-08,8251.479135941458,18449.202542170835,5.090104166666666,0.0,1.0,0.0,0.0,0.0,0.0,0.0,0.0,0.0,0.0,0.0,1.0
2017-11-09,8274.294778788333,18450.79577460417,7.285416666666666,0.0,1.0,0.0,0.0,0.0,0.0,0.0,0.0,0.0,1.0,0.0,0.0
2017-11-10,8297.841603752293,18451.444741888543,8.0875,0.0,1.0,0.0,0.0,0.0,1.0,0.0,0.0,0.0,0.0,0.0,0.0
2017-11-11,8322.907772599583,18452.473344143753,6.588541666666667,0.0,1.0,0.0,0.0,0.0,0.0,0.0,1.0,0.0,0.0,0.0,0.0
2017-11-12,8357.210057433958,18454.969545006254,5.169791666666667,0.0,1.0,0.0,0.0,0.0,0.0,0.0,0.0,1.0,0.0,0.0,0.0
2017-11-13,8379.380784629897,18459.554825329167,5.33125,0.0,1.0,0.0,0.0,0.0,0.0,1.0,0.0,0.0,0.0,0.0,0.0
2017-11-14,8398.392978025,18474.400144614585,5.7984374999999995,0.0,1.0,0.0,0.0,0.0,0.0,0.0,0.0,0.0,0.0,1.0,0.0
2017-11-15,8417.576731576459,18490.961963688544,7.926562499999999,0.0,1.0,0.0,0.0,0.0,0.0,0.0,0.0,0.0,0.0,0.0,1.0
2017-11-16,8442.272574250625,18495.855861702086,8.533854166666666,0.0,1.0,0.0,0.0,0.0,0.0,0.0,0.0,0.0,1.0,0.0,0.0
2017-11-17,8466.380405197813,18498.198803389587,6.658333333333334,0.0,1.0,0.0,0.0,0.0,1.0,0.0,0.0,0.0,0.0,0.0,0.0
2017-11-18,8488.76890603802,18500.076120056252,4.548958333333333,0.0,1.0,0.0,0.0,0.0,0.0,0.0,1.0,0.0,0.0,0.0,0.0
2017-11-19,8510.870907049166,18503.407379102086,4.566145833333334,0.0,1.0,0.0,0.0,0.0,0.0,0.0,0.0,1.0,0.0,0.0,0.0
2017-11-20,8532.897666402709,18508.082171913542,6.075,0.0,1.0,0.0,0.0,0.0,0.0,1.0,0.0,0.0,0.0,0.0,0.0
2017-11-21,8555.204908871667,18511.8035343875,9.800520833333334,0.0,1.0,0.0,0.0,0.0,0.0,0.0,0.0,0.0,0.0,1.0,0.0
2017-11-22,8577.844115233542,18526.26954326042,11.121354166666668,0.0,1.0,0.0,0.0,0.0,0.0,0.0,0.0,0.0,0.0,0.0,1.0
2017-11-23,8597.990197433437,18542.880072427084,12.202083333333334,0.0,1.0,0.0,0.0,0.0,0.0,0.0,0.0,0.0,1.0,0.0,0.0
2017-11-24,8623.245279523124,18548.304116888543,7.522395833333333,0.0,1.0,0.0,0.0,0.0,1.0,0.0,0.0,0.0,0.0,0.0,0.0
2017-11-25,8648.343189266667,18549.332719143753,3.4812499999999997,0.0,1.0,0.0,0.0,0.0,0.0,0.0,1.0,0.0,0.0,0.0,0.0
2017-11-26,8682.64547410052,18551.828920006254,3.3125,0.0,1.0,0.0,0.0,0.0,0.0,0.0,0.0,1.0,0.0,0.0,0.0
2017-11-27,8704.816201296666,18556.414200329167,5.880729166666666,0.0,1.0,0.0,0.0,0.0,0.0,1.0,0.0,0.0,0.0,0.0,0.0
2017-11-28,8723.828394692397,18571.259519614585,4.402604166666666,0.0,1.0,0.0,0.0,0.0,0.0,0.0,0.0,0.0,0.0,1.0,0.0
2017-11-29,8743.012148243437,18587.821338688544,2.3468750000000003,0.0,1.0,0.0,0.0,0.0,0.0,0.0,0.0,0.0,0.0,0.0,1.0
2017-11-30,8767.707990918125,18592.715236702086,1.2380208333333333,0.0,1.0,0.0,0.0,0.0,0.0,0.0,0.0,0.0,1.0,0.0,0.0
2017-12-01,8791.815821864584,18595.058178389587,0.5859375,0.0,0.0,0.0,0.0,1.0,1.0,0.0,0.0,0.0,0.0,0.0,0.0
2017-12-02,8814.204322705104,18596.935495056252,-1.359375,0.0,0.0,0.0,0.0,1.0,0.0,0.0,1.0,0.0,0.0,0.0,0.0
2017-12-03,8836.30632371625,18600.266754102086,0.440625,0.0,0.0,0.0,0.0,1.0,0.0,0.0,0.0,1.0,0.0,0.0,0.0
2017-12-04,8858.33308307,18604.941546913542,4.834895833333333,0.0,0.0,0.0,0.0,1.0,0.0,1.0,0.0,0.0,0.0,0.0,0.0
2017-12-05,8880.640325539376,18608.6629093875,5.289583333333334,0.0,0.0,0.0,0.0,1.0,0.0,0.0,0.0,0.0,0.0,1.0,0.0
2017-12-06,8903.279531899167,18623.12891826042,6.484375,0.0,0.0,0.0,0.0,1.0,0.0,0.0,0.0,0.0,0.0,0.0,1.0
2017-12-07,8923.425614100208,18639.739447427084,4.8265625000000005,0.0,0.0,0.0,0.0,1.0,0.0,0.0,0.0,0.0,1.0,0.0,0.0
2017-12-08,8947.352605088854,18646.948803389587,2.347395833333333,0.0,0.0,0.0,0.0,1.0,1.0,0.0,0.0,0.0,0.0,0.0,0.0
2017-12-09,8969.771900829688,18648.826120056252,0.4765625,0.0,0.0,0.0,0.0,1.0,0.0,0.0,1.0,0.0,0.0,0.0,0.0
2017-12-10,8991.873901841771,18652.157379102086,2.952083333333333,0.0,0.0,0.0,0.0,1.0,0.0,0.0,0.0,1.0,0.0,0.0,0.0
2017-12-11,9013.900661195104,18656.832171913542,0.978125,0.0,0.0,0.0,0.0,1.0,0.0,1.0,0.0,0.0,0.0,0.0,0.0
2017-12-12,9036.20790366427,18660.5535343875,0.9760416666666667,0.0,0.0,0.0,0.0,1.0,0.0,0.0,0.0,0.0,0.0,1.0,0.0
2017-12-13,9058.847110025,18675.01954326042,4.871354166666666,0.0,0.0,0.0,0.0,1.0,0.0,0.0,0.0,0.0,0.0,0.0,1.0
2017-12-14,9078.993192226146,18691.630072427084,2.978645833333333,0.0,0.0,0.0,0.0,1.0,0.0,0.0,0.0,0.0,1.0,0.0,0.0
2017-12-15,9102.920183214166,18698.839428389587,2.849479166666667,0.0,0.0,0.0,0.0,1.0,1.0,0.0,0.0,0.0,0.0,0.0,0.0
2017-12-16,9125.339478955104,18700.716745056252,2.0619791666666667,0.0,0.0,0.0,0.0,1.0,0.0,0.0,1.0,0.0,0.0,0.0,0.0
2017-12-17,9147.44147996625,18704.048004102086,1.7338541666666665,0.0,0.0,0.0,0.0,1.0,0.0,0.0,0.0,1.0,0.0,0.0,0.0
2017-12-18,9169.46823932,18708.722796913542,6.015104166666667,0.0,0.0,0.0,0.0,1.0,0.0,1.0,0.0,0.0,0.0,0.0,0.0
2017-12-19,9191.775481789375,18712.4441593875,4.0453125000000005,0.0,0.0,0.0,0.0,1.0,0.0,0.0,0.0,0.0,0.0,1.0,0.0
2017-12-20,9214.414688149167,18726.91016826042,6.746354166666666,0.0,0.0,0.0,0.0,1.0,0.0,0.0,0.0,0.0,0.0,0.0,1.0
2017-12-21,9234.560770350208,18743.520697427084,8.542708333333334,0.0,0.0,0.0,0.0,1.0,0.0,0.0,0.0,0.0,1.0,0.0,0.0
2017-12-22,9258.487761338854,18750.730053389587,8.9671875,0.0,0.0,0.0,0.0,1.0,1.0,0.0,0.0,0.0,0.0,0.0,0.0
2017-12-23,9280.907057079688,18752.607370056252,8.653125000000001,0.0,0.0,0.0,0.0,1.0,0.0,0.0,1.0,0.0,0.0,0.0,0.0
2017-12-24,9303.009058091771,18755.938629102086,8.339062499999999,0.0,0.0,0.0,0.0,1.0,0.0,0.0,0.0,1.0,0.0,0.0,0.0
2017-12-25,9325.035817445105,18760.613421913542,6.1328125,0.0,0.0,0.0,0.0,1.0,0.0,1.0,0.0,0.0,0.0,0.0,0.0
2017-12-26,9347.343059914272,18764.3347843875,5.591145833333333,0.0,0.0,0.0,0.0,1.0,0.0,0.0,0.0,0.0,0.0,1.0,0.0
2017-12-27,9369.982266275,18778.80079326042,4.773958333333334,0.0,0.0,0.0,0.0,1.0,0.0,0.0,0.0,0.0,0.0,0.0,1.0
2017-12-28,9390.128348476146,18795.411322427084,2.2354166666666666,0.0,0.0,0.0,0.0,1.0,0.0,0.0,0.0,0.0,1.0,0.0,0.0
2017-12-29,9414.055339464167,18802.620678389587,2.441145833333333,0.0,0.0,0.0,0.0,1.0,1.0,0.0,0.0,0.0,0.0,0.0,0.0
2017-12-30,9436.474635205104,18804.497995056252,9.828125,0.0,0.0,0.0,0.0,1.0,0.0,0.0,1.0,0.0,0.0,0.0,0.0
2017-12-31,9458.57663621625,18807.829254102086,11.309895833333334,0.0,0.0,0.0,0.0,1.0,0.0,0.0,0.0,1.0,0.0,0.0,0.0
2018-01-01,9480.60339557,18812.504046913542,5.933854166666666,0.0,0.0,0.0,0.0,1.0,0.0,1.0,0.0,0.0,0.0,0.0,0.0
2018-01-02,9502.910638039375,18816.2254093875,6.4171875,0.0,0.0,0.0,0.0,1.0,0.0,0.0,0.0,0.0,0.0,1.0,0.0
2018-01-03,9525.549844399166,18830.69141826042,8.947395833333333,0.0,0.0,0.0,0.0,1.0,0.0,0.0,0.0,0.0,0.0,0.0,1.0
2018-01-04,9545.695926600209,18847.301947427084,8.518229166666666,0.0,0.0,0.0,0.0,1.0,0.0,0.0,0.0,0.0,1.0,0.0,0.0
2018-01-05,9569.622917588853,18854.511303389587,7.6734374999999995,0.0,0.0,0.0,0.0,1.0,1.0,0.0,0.0,0.0,0.0,0.0,0.0
2018-01-06,9592.042213329687,18856.388620056252,5.327604166666666,0.0,0.0,0.0,0.0,1.0,0.0,0.0,1.0,0.0,0.0,0.0,0.0
2018-01-07,9614.144214341772,18859.719879102086,3.0151041666666667,0.0,0.0,0.0,0.0,1.0,0.0,0.0,0.0,1.0,0.0,0.0,0.0
2018-01-08,9636.170973695103,18864.394671913542,3.0078125,0.0,0.0,0.0,0.0,1.0,0.0,1.0,0.0,0.0,0.0,0.0,0.0
2018-01-09,9658.47821616427,18868.1160343875,4.3531249999999995,0.0,0.0,0.0,0.0,1.0,0.0,0.0,0.0,0.0,0.0,1.0,0.0
2018-01-10,9681.117422525,18882.58204326042,6.7749999999999995,0.0,0.0,0.0,0.0,1.0,0.0,0.0,0.0,0.0,0.0,0.0,1.0
2018-01-11,9701.263504726145,18899.192572427084,6.554166666666667,0.0,0.0,0.0,0.0,1.0,0.0,0.0,0.0,0.0,1.0,0.0,0.0
2018-01-12,9725.190495714167,18906.401928389587,6.0359375,0.0,0.0,0.0,0.0,1.0,1.0,0.0,0.0,0.0,0.0,0.0,0.0
2018-01-13,9747.609791455105,18908.279245056252,3.2916666666666665,0.0,0.0,0.0,0.0,1.0,0.0,0.0,1.0,0.0,0.0,0.0,0.0
2018-01-14,9769.71179246625,18911.610504102086,3.216666666666667,0.0,0.0,0.0,0.0,1.0,0.0,0.0,0.0,1.0,0.0,0.0,0.0
2018-01-15,9791.73855182,18916.285296913542,5.45625,0.0,0.0,0.0,0.0,1.0,0.0,1.0,0.0,0.0,0.0,0.0,0.0
2018-01-16,9814.045794289375,18920.0066593875,5.9421875,0.0,0.0,0.0,0.0,1.0,0.0,0.0,0.0,0.0,0.0,1.0,0.0
2018-01-17,9836.685000649168,18934.47266826042,4.1125,0.0,0.0,0.0,0.0,1.0,0.0,0.0,0.0,0.0,0.0,0.0,1.0
2018-01-18,9856.831082850209,18951.083197427084,6.4171875,0.0,0.0,0.0,0.0,1.0,0.0,0.0,0.0,0.0,1.0,0.0,0.0
2018-01-19,9880.758073838855,18958.292553389587,3.2770833333333336,0.0,0.0,0.0,0.0,1.0,1.0,0.0,0.0,0.0,0.0,0.0,0.0
2018-01-20,9903.177369579687,18960.169870056252,2.1869791666666667,0.0,0.0,0.0,0.0,1.0,0.0,0.0,1.0,0.0,0.0,0.0,0.0
2018-01-21,9925.27937059177,18963.501129102086,2.4192708333333335,0.0,0.0,0.0,0.0,1.0,0.0,0.0,0.0,1.0,0.0,0.0,0.0
2018-01-22,9947.306129945104,18968.175921913542,7.358854166666667,0.0,0.0,0.0,0.0,1.0,0.0,1.0,0.0,0.0,0.0,0.0,0.0
2018-01-23,9969.613372414271,18971.8972843875,8.479687499999999,0.0,0.0,0.0,0.0,1.0,0.0,0.0,0.0,0.0,0.0,1.0,0.0
2018-01-24,9992.252578775417,18986.36329326042,11.784895833333332,0.0,0.0,0.0,0.0,1.0,0.0,0.0,0.0,0.0,0.0,0.0,1.0
2018-01-25,10012.398660965626,19002.973822427084,7.861979166666667,0.0,0.0,0.0,0.0,1.0,0.0,0.0,0.0,0.0,1.0,0.0,0.0
2018-01-26,10036.325651963542,19010.183178389587,5.8953125,0.0,0.0,0.0,0.0,1.0,1.0,0.0,0.0,0.0,0.0,0.0,0.0
2018-01-27,10058.744947705209,19012.060495056252,4.371875,0.0,0.0,0.0,0.0,1.0,0.0,0.0,1.0,0.0,0.0,0.0,0.0
2018-01-28,10080.846948715625,19015.391754102086,8.464062499999999,0.0,0.0,0.0,0.0,1.0,0.0,0.0,0.0,1.0,0.0,0.0,0.0
2018-01-29,10102.873708075,19020.066546913542,9.095833333333333,0.0,0.0,0.0,0.0,1.0,0.0,1.0,0.0,0.0,0.0,0.0,0.0
2018-01-30,10125.180950539583,19023.7879093875,5.583333333333333,0.0,0.0,0.0,0.0,1.0,0.0,0.0,0.0,0.0,0.0,1.0,0.0
2018-01-31,10147.820156896874,19038.25391826042,7.121354166666666,0.0,0.0,0.0,0.0,1.0,0.0,0.0,0.0,0.0,0.0,0.0,1.0
2018-02-01,10167.966239114583,19054.864447427084,3.033333333333333,0.0,0.0,0.0,0.0,1.0,0.0,0.0,0.0,0.0,1.0,0.0,0.0
2018-02-02,10191.89323008854,19062.073803389587,3.2651041666666667,0.0,0.0,0.0,0.0,1.0,1.0,0.0,0.0,0.0,0.0,0.0,0.0
2018-02-03,10214.312525829167,19063.951120056252,2.5953125,0.0,0.0,0.0,0.0,1.0,0.0,0.0,1.0,0.0,0.0,0.0,0.0
2018-02-04,10236.060051637634,19067.170528773117,0.8951612903225806,0.0,0.0,0.0,0.0,1.0,0.0,0.0,0.0,1.0,0.0,0.0,0.0
