"(1, 1)",0.11531557608578591
"(1, 3)",0.10972999800202579
"(1, 2)",0.11531557608578591
"(1, 16)",0.048081863213026946
"(1, 8)",0.10529176085968235
"(1, 4)",0.10954935906488976
"(1, 9)",0.11081557189103539
"(1, 15)",0.10661133784674658
"(1, 11)",0.10461075302399783
"(1, 13)",0.10798819731526638
"(1, 6)",0.1094930958631766
"(1, 7)",0.10967745157414624
"(1, 10)",0.109044496358609
"(1, 12)",0.04567723380251637
"(1, 5)",0.11129551432094373
"(1, 14)",0.10728911200030092
"(1, 21)",0.11528319558013571
"(1, 19)",0.10918261384813097
"(1, 17)",0.04571310174095198
"(1, 20)",0.11531557608578591
"(1, 25)",0.11531495435016369
"(1, 18)",0.04588651306215024
"(1, 22)",0.11514481236674151
"(1, 24)",0.11531557608578591
"(1, 29)",0.08341408701185227
"(1, 26)",0.10110108158214136
"(1, 27)",0.11531557608578591
"(1, 31)",0.10810156748010429
"(1, 23)",0.11531557608578591
"(1, 30)",0.11531557608578591
"(1, 32)",0.11531557608578591
"(1, 28)",0.10311671773277603
"(1, 36)",0.11531557608578591
"(1, 33)",0.11531557608578591
"(1, 34)",0.11531557608578591
"(1, 35)",0.11531557608578591
"(2, 3)",0.10626693387007745
"(1, 37)",0.11531557608578591
"(2, 7)",0.03640522513765879
"(1, 39)",0.11531557608578591
"(2, 1)",0.11531557608578591
"(2, 6)",0.11531557608578591
"(2, 2)",0.11531557608578591
"(2, 4)",0.11531557608578591
"(1, 38)",0.11531557608578591
"(2, 5)",0.04413190334341643
"(2, 9)",0.037015946858606125
"(2, 8)",0.03926543213961863
"(2, 12)",0.03905410797297573
"(2, 16)",0.033355477471247216
"(2, 15)",0.034597711160148086
"(2, 10)",0.03520133690422925
"(2, 11)",0.0424880007311039
"(2, 18)",0.05849961697073466
"(2, 20)",0.03282974534855511
"(2, 13)",0.03731867611571085
"(2, 21)",0.034423571527736056
"(2, 19)",0.033436626846492803
"(2, 14)",0.03569216346781329
"(2, 17)",0.035773125976231786
"(2, 23)",0.03386639181717731
"(2, 22)",0.03520216341000095
"(2, 26)",0.03447493441961461
"(2, 24)",0.07343107661812462
"(2, 25)",0.03299583337718654
"(2, 30)",0.034833093218539585
"(2, 27)",0.033684561445716334
"(2, 29)",0.04533753539571533
"(2, 28)",0.033539513327957515
"(2, 34)",0.03393113018636251
"(2, 33)",0.07942217063234817
"(2, 37)",0.04130980463392057
"(2, 35)",0.03652691015210813
"(2, 32)",0.037775574210872256
"(2, 31)",0.07051331012000481
"(2, 39)",0.034032645027098844
"(2, 36)",0.11437037595286495
"(2, 38)",0.037209916408698675
"(3, 2)",0.04407934589612259
"(3, 5)",0.034793776161696946
"(3, 3)",0.03420798719706176
"(3, 7)",0.04728665385448176
"(3, 4)",0.04669814594943189
"(3, 1)",0.035041486840683284
"(3, 6)",0.03432060411500449
"(3, 15)",0.037614145279871086
"(3, 12)",0.03352511831397134
"(3, 10)",0.03416060254883168
"(3, 8)",0.03369677816738012
"(3, 11)",0.03578520357034613
"(3, 13)",0.03711574738693391
"(3, 14)",0.03970666578614523
"(3, 9)",0.0389727810508033
"(3, 16)",0.03361745276965747
"(3, 19)",0.031187627838419177
"(3, 17)",0.03244943225599454
"(3, 18)",0.03364728804290152
"(3, 20)",0.03298381151233114
"(3, 21)",0.034288878225729805
"(3, 22)",0.03146519088696943
"(3, 23)",0.03402244476693308
"(3, 26)",0.11531557608578591
"(3, 30)",0.05811257461127898
"(3, 24)",0.03700607240204438
"(3, 25)",0.03560595580339132
"(3, 27)",0.07747374465066427
"(3, 29)",0.0999928101020165
"(3, 28)",0.42562411308698855
"(3, 32)",0.03273037279967253
"(3, 31)",0.08805294204626266
"(3, 34)",nan
"(3, 33)",0.07233410238414839
"(3, 35)",48340956610984.805
"(3, 36)",0.11531557608579067
"(4, 2)",0.04137022138483721
"(3, 38)",nan
"(3, 37)",0.11515359571802725
"(4, 5)",0.046574310081675584
"(3, 39)",0.627622159486587
"(4, 6)",0.03940470475883741
"(4, 3)",0.0454034586054904
"(4, 7)",0.11531557608578591
"(4, 1)",0.11531557608578591
"(4, 4)",0.04838188414805285
"(4, 8)",0.11344751636818547
"(4, 9)",0.11538353419054084
"(4, 10)",0.11530856730709241
"(4, 11)",0.11531557608578591
"(4, 13)",0.11528880469688219
"(4, 12)",0.11531672698832396
"(4, 17)",0.11531557608578591
"(4, 16)",0.11489051886516276
"(4, 15)",0.11532279878968424
"(4, 19)",0.11532078000513052
"(4, 14)",0.11526791010939441
"(4, 21)",nan
"(4, 20)",0.11515786632682459
"(4, 25)",2.6715831402585573
"(4, 18)",0.036144565303923994
"(4, 24)",nan
"(4, 23)",1.3841382887689895e+39
"(4, 27)",0.11531557608578591
"(4, 26)",0.11531557608578591
"(4, 22)",0.11072116447876952
"(4, 28)",0.11488197626630768
"(4, 29)",nan
"(4, 30)",nan
"(4, 31)",0.11531557608578591
"(4, 34)",0.11533438870432135
"(4, 32)",nan
"(5, 4)",0.04122291481876067
"(4, 38)",0.11531557608578591
"(4, 36)",0.11531557608578591
"(4, 37)",6.5968543545012394e+44
"(4, 35)",nan
"(4, 33)",nan
"(5, 2)",0.04965594594462848
"(5, 3)",0.04608215311209669
"(5, 1)",0.11531557608578591
"(4, 39)",nan
"(5, 5)",0.0355887494807023
"(5, 6)",0.045148000790844765
"(5, 8)",0.03853989720400112
"(5, 9)",0.03838877143469041
"(5, 7)",0.0358433410049833
"(5, 10)",0.03407717171514096
"(5, 14)",0.03444712709708515
"(5, 13)",0.06277187662123648
"(5, 16)",0.03516970105010974
"(5, 18)",6498240.664997146
"(5, 17)",0.10431191590181726
"(5, 12)",0.11477607749017896
"(5, 11)",0.04370878568541619
"(5, 15)",0.04333813607158607
"(5, 20)",nan
"(5, 19)",0.11461446583174373
"(5, 22)",0.11531557608578591
"(5, 21)",nan
"(5, 23)",0.11055209053337932
"(5, 28)",0.11497458361128896
"(5, 26)",nan
"(5, 27)",0.06981677226802838
"(5, 24)",nan
"(5, 25)",nan
"(5, 29)",nan
"(5, 30)",nan
"(5, 31)",nan
"(5, 33)",nan
"(5, 34)",nan
"(5, 32)",nan
"(5, 36)",nan
"(5, 35)",nan
"(5, 37)",nan
"(5, 38)",nan
"(5, 39)",0.11531557608578591
"(6, 2)",0.043020490235198106
"(6, 1)",0.042214677075466174
"(6, 6)",0.03526184444101523
"(6, 3)",0.03689697731223751
"(6, 4)",0.04510595012360535
"(6, 5)",0.045502625601633005
"(6, 8)",0.09288310474678675
"(6, 7)",0.04468526764759071
"(6, 10)",0.03883051489660167
"(6, 11)",0.03769060346477641
"(6, 9)",0.03867222519541071
"(6, 15)",nan
"(6, 14)",0.034824082771315434
"(6, 12)",0.03955973097554029
"(6, 13)",0.04143597500853983
"(6, 18)",nan
"(6, 19)",0.11521678111218403
"(6, 17)",0.11531557608578591
"(6, 16)",0.11523387321200232
"(6, 21)",0.0675050997586697
"(6, 20)",nan
"(6, 23)",nan
"(6, 24)",nan
"(6, 22)",0.05931075291193635
"(6, 26)",0.11531557608578591
"(6, 25)",0.11238259834426625
"(6, 27)",0.11531557608578591
"(6, 28)",nan
"(6, 29)",nan
"(6, 30)",nan
"(6, 35)",0.11531557608578591
"(6, 31)",0.4515922540606304
"(6, 32)",nan
"(6, 33)",nan
"(6, 34)",nan
"(6, 39)",nan
"(6, 37)",nan
"(6, 36)",nan
"(7, 2)",0.04204002421291633
"(6, 38)",nan
"(7, 3)",0.04417183193447726
"(7, 6)",0.04262396833769538
"(7, 1)",0.11531557608578591
"(7, 7)",0.042379902730556154
"(7, 5)",0.04042430710322052
"(7, 4)",0.04978966704315847
"(7, 8)",0.041404697770663516
"(7, 10)",0.03482081028876546
"(7, 9)",0.04527921315261512
"(7, 11)",nan
"(7, 12)",0.06575704406711907
"(7, 15)",0.0449682677270868
"(7, 14)",0.043983959165593986
"(7, 18)",0.042922869287091894
"(7, 13)",0.08620983604635689
"(7, 17)",0.03885703362047092
"(7, 16)",nan
"(7, 20)",0.10877194361880337
"(7, 19)",0.04357584217527235
"(7, 22)",0.11531557608578591
"(7, 24)",nan
"(7, 21)",nan
"(7, 23)",7.117542048290044e+21
"(7, 25)",nan
"(7, 26)",nan
"(7, 29)",0.054614980000424564
"(7, 28)",nan
"(7, 27)",nan
"(7, 31)",nan
"(7, 30)",nan
"(7, 32)",nan
"(7, 34)",nan
"(7, 33)",nan
"(7, 37)",0.11531557608578591
"(7, 36)",nan
"(7, 35)",nan
"(7, 39)",nan
"(8, 1)",0.059275950242904454
"(7, 38)",nan
"(8, 3)",0.046343004889047544
"(8, 6)",0.041674393239898785
"(8, 2)",0.042594130787530396
"(8, 8)",0.11531557608578591
"(8, 7)",0.11531557608578591
"(8, 5)",0.056955903781276115
"(8, 4)",0.03148386835817426
"(8, 10)",0.08659907670584013
"(8, 11)",nan
"(8, 9)",0.11468983772085373
"(8, 12)",0.11531557608578591
"(8, 16)",0.11531557608578591
"(8, 17)",0.11526310256737778
"(8, 14)",nan
"(8, 18)",nan
"(8, 15)",nan
"(8, 13)",0.11531557608578591
"(8, 21)",0.11531557608578591
"(8, 19)",nan
"(8, 23)",nan
"(8, 24)",0.11531557608578591
"(8, 25)",nan
"(8, 27)",nan
"(8, 22)",0.11528227912558088
"(8, 20)",nan
"(8, 26)",nan
"(8, 30)",nan
"(8, 28)",nan
"(8, 32)",nan
"(8, 31)",0.11531557608578591
"(8, 34)",nan
"(8, 29)",nan
"(8, 33)",nan
"(9, 1)",0.1153130837710289
"(9, 3)",0.1135465121238553
"(9, 2)",0.1124226665291247
"(8, 37)",nan
"(8, 39)",nan
"(8, 38)",nan
"(8, 36)",nan
"(9, 6)",0.1152989499260445
"(8, 35)",nan
"(9, 8)",0.07545822468238422
"(9, 5)",0.08239373038843163
"(9, 4)",0.11531557608578591
"(9, 7)",0.05397798669408007
"(9, 10)",0.08597857613822579
"(9, 12)",1.957005205127735e+25
"(9, 9)",0.11531557608578591
"(9, 11)",nan
"(9, 14)",0.11531524395641413
"(9, 16)",0.08625685971076993
"(9, 15)",nan
"(9, 13)",0.11527533190497832
"(9, 20)",0.10167365850786571
"(9, 19)",nan
"(9, 17)",nan
"(9, 21)",nan
"(9, 22)",nan
"(9, 24)",nan
"(9, 25)",nan
"(9, 18)",nan
"(9, 23)",nan
"(9, 27)",nan
"(9, 26)",nan
"(9, 28)",nan
"(9, 29)",nan
"(9, 32)",nan
"(9, 31)",nan
"(9, 37)",nan
"(9, 35)",nan
"(9, 39)",nan
"(9, 36)",nan
"(9, 34)",nan
"(9, 30)",nan
"(9, 38)",nan
"(9, 33)",nan
"(10, 1)",0.11531557608578591
"(10, 2)",0.11531557608578591
"(10, 6)",0.11531557608578591
"(10, 3)",0.03724589320450926
"(10, 4)",0.05228142869548698
"(10, 8)",0.0424944141300917
"(10, 5)",0.04272779905636535
"(10, 10)",0.0770742397519838
"(10, 7)",0.07931136967469565
"(10, 9)",0.11531557608578591
"(10, 14)",nan
"(10, 11)",0.058412191742933
"(10, 12)",0.11531557608578591
"(10, 13)",0.10760432829276129
"(10, 18)",nan
"(10, 15)",nan
"(10, 17)",nan
"(10, 16)",0.11085474196913439
"(10, 19)",nan
"(10, 22)",nan
"(10, 20)",nan
"(10, 23)",333305.4829677744
"(10, 21)",nan
"(10, 24)",nan
"(10, 25)",nan
"(10, 26)",nan
"(10, 28)",nan
"(10, 27)",nan
"(10, 33)",nan
"(10, 29)",nan
"(10, 30)",nan
"(10, 35)",nan
"(10, 32)",nan
"(10, 31)",nan
"(10, 34)",nan
"(10, 36)",nan
"(10, 38)",nan
"(10, 37)",nan
"(11, 1)",0.07644060569046843
"(11, 2)",0.05255982822500955
"(11, 3)",0.054504193355039296
"(10, 39)",nan
"(11, 4)",0.045879547654386274
"(11, 5)",0.03267631234384108
"(11, 13)",0.04079107147375475
"(11, 7)",0.08339901702868369
"(11, 10)",0.040192019060117504
"(11, 6)",0.043611173392507134
"(11, 14)",0.03200560345986627
"(11, 16)",0.037205889426817254
"(11, 9)",0.11531555981923566
"(11, 8)",0.04332328553113597
"(11, 12)",0.06889467375535868
"(11, 15)",nan
"(11, 11)",0.03475552022234003
"(11, 19)",0.03739836114791943
"(11, 17)",0.040611720575811285
"(11, 18)",0.03689312554834629
"(11, 21)",nan
"(11, 23)",nan
"(11, 20)",nan
"(11, 24)",nan
"(11, 22)",nan
"(11, 25)",nan
"(11, 31)",nan
"(11, 28)",nan
"(11, 34)",nan
"(11, 27)",nan
"(11, 32)",nan
"(11, 30)",nan
"(11, 26)",nan
"(11, 33)",nan
"(11, 29)",nan
"(11, 37)",nan
"(11, 35)",nan
"(11, 36)",nan
"(12, 1)",0.11531557608578591
"(12, 3)",0.04319337478184317
"(11, 39)",nan
"(12, 2)",0.03802377366589861
"(11, 38)",nan
"(12, 4)",0.037618350320555174
"(12, 8)",0.032254883667712175
"(12, 10)",0.0790066615407527
"(12, 6)",0.048017238497184624
"(12, 5)",0.033086674848504465
"(12, 9)",1.1250234246005415
"(12, 12)",nan
"(12, 7)",0.11319688009028522
"(12, 11)",0.04083730407432929
"(12, 13)",0.042790058362045365
"(12, 14)",nan
"(12, 17)",0.0702512447078311
"(12, 18)",nan
"(12, 15)",nan
"(12, 19)",0.034405291242079784
"(12, 16)",nan
"(12, 21)",nan
"(12, 20)",nan
"(12, 27)",0.04132397724247802
"(12, 24)",nan
"(12, 25)",nan
"(12, 28)",nan
"(12, 23)",nan
"(12, 22)",nan
"(12, 26)",nan
"(12, 31)",nan
"(12, 30)",nan
"(12, 29)",0.05077865777164557
"(12, 34)",nan
"(12, 32)",nan
"(12, 33)",nan
"(12, 37)",nan
"(12, 36)",nan
"(13, 1)",0.07363482664081684
"(13, 5)",0.11531557608578591
"(12, 35)",0.10840316104833801
"(12, 38)",nan
"(13, 4)",0.11529279082320015
"(12, 39)",nan
"(13, 2)",0.07719021195394513
"(13, 6)",0.0681410805554222
"(13, 3)",0.06616455202082386
"(13, 8)",0.11408969363865165
"(13, 7)",0.11527431524487444
"(13, 10)",nan
"(13, 9)",0.11531557608578591
"(13, 11)",0.11531557608578591
"(13, 12)",0.10914062580750367
"(13, 13)",0.11531577375590282
"(13, 14)",nan
"(13, 19)",nan
"(13, 15)",0.04353341560053497
"(13, 18)",nan
"(13, 16)",nan
"(13, 20)",nan
"(13, 17)",nan
"(13, 22)",nan
"(13, 21)",nan
"(13, 23)",nan
"(13, 25)",nan
"(13, 24)",nan
"(13, 27)",nan
"(13, 26)",nan
"(13, 30)",nan
"(13, 29)",nan
"(13, 28)",nan
"(13, 33)",nan
"(13, 32)",0.03388773652185934
"(13, 34)",nan
"(13, 31)",nan
"(13, 36)",nan
"(13, 35)",nan
"(13, 39)",nan
"(13, 38)",nan
"(13, 37)",nan
"(14, 1)",0.11531557608578591
"(14, 2)",0.04768159070713575
"(14, 4)",0.04677643699656765
"(14, 3)",0.11531557608578591
"(14, 5)",0.11532521761847386
"(14, 6)",0.11531557608578591
"(14, 8)",0.11531557608578591
"(14, 7)",0.11348346576073676
"(14, 12)",nan
"(14, 9)",0.11522615974203143
"(14, 10)",0.11524660532903845
"(14, 11)",0.11608637682180417
"(14, 13)",0.04105888082944832
"(14, 15)",nan
"(14, 16)",nan
"(14, 14)",0.09761920530652742
"(14, 18)",nan
"(14, 17)",nan
"(14, 19)",nan
"(14, 20)",nan
"(14, 21)",nan
"(14, 22)",nan
"(14, 24)",nan
"(14, 23)",nan
"(14, 27)",nan
"(14, 25)",nan
"(14, 28)",nan
"(14, 30)",nan
"(14, 26)",nan
"(14, 32)",nan
"(14, 29)",nan
"(14, 31)",nan
"(14, 35)",nan
"(14, 37)",nan
"(14, 33)",nan
"(14, 34)",nan
"(14, 38)",nan
"(14, 36)",nan
"(14, 39)",nan
"(15, 5)",0.11531557608578591
"(15, 2)",0.04575434492822589
"(15, 1)",0.05166718280430572
"(15, 3)",0.051867254998167675
"(15, 4)",0.04771673705714032
"(15, 6)",0.05753515446638718
"(15, 7)",0.0454115231270063
"(15, 8)",0.11531557608578591
"(15, 9)",0.11531557608578591
"(15, 10)",nan
"(15, 12)",nan
"(15, 11)",0.10671138027221842
"(15, 13)",nan
"(15, 14)",nan
"(15, 15)",nan
"(15, 19)",nan
"(15, 16)",0.11531557608578591
"(15, 17)",nan
"(15, 20)",nan
"(15, 18)",0.11466335799780483
"(15, 21)",nan
"(15, 24)",nan
"(15, 23)",nan
"(15, 22)",nan
"(15, 26)",nan
"(15, 25)",nan
"(15, 30)",nan
"(15, 29)",nan
"(15, 27)",nan
"(15, 28)",nan
"(15, 31)",nan
"(15, 32)",nan
"(15, 33)",nan
"(15, 34)",nan
"(15, 37)",nan
"(15, 38)",nan
"(15, 35)",nan
"(15, 36)",nan
"(15, 39)",nan
"(16, 2)",0.049067839730877146
"(16, 1)",0.04456823564458131
"(16, 3)",0.03725175355330646
"(16, 5)",0.03958491873116065
"(16, 6)",0.08241537260823478
"(16, 7)",0.04453056072677937
"(16, 4)",0.04824649521609767
"(16, 8)",0.11533809098011633
"(16, 10)",0.036138340854766256
"(16, 9)",0.0768169608774534
"(16, 11)",0.043591978321901405
"(16, 13)",nan
"(16, 12)",0.11531557608578591
"(16, 14)",0.11531557608578591
"(16, 15)",nan
"(16, 16)",nan
"(16, 17)",nan
"(16, 18)",nan
"(16, 19)",0.04159289741695123
"(16, 20)",nan
"(16, 23)",0.11536588404895393
"(16, 21)",nan
"(16, 24)",nan
"(16, 22)",0.07975500100293434
"(16, 27)",nan
"(16, 28)",nan
"(16, 26)",nan
"(16, 30)",nan
"(16, 29)",nan
"(16, 25)",nan
"(16, 31)",nan
"(16, 32)",nan
"(16, 33)",nan
"(16, 34)",nan
"(16, 35)",nan
"(16, 36)",nan
"(16, 39)",nan
"(16, 37)",nan
"(16, 38)",nan
"(17, 1)",0.11531557608578591
"(17, 4)",0.03454989518522628
"(17, 2)",0.10387314372655393
"(17, 5)",0.038101677384460166
"(17, 3)",0.05140667476497791
"(17, 9)",0.035935669381005376
"(17, 8)",0.04009201137510728
"(17, 6)",0.04502935555879347
"(17, 13)",0.038501298617029285
"(17, 11)",0.04571921762820328
"(17, 10)",0.0406834721198476
"(17, 7)",0.039325204073938774
"(17, 12)",0.03437972943487599
"(17, 14)",nan
"(17, 15)",0.03206173152791592
"(17, 16)",nan
"(17, 17)",nan
"(17, 18)",0.11531557608578591
"(17, 19)",0.04464090434956724
"(17, 20)",nan
"(17, 21)",nan
"(17, 27)",nan
"(17, 23)",nan
"(17, 24)",nan
"(17, 22)",nan
"(17, 28)",nan
"(17, 25)",0.04318317081974906
"(17, 29)",nan
"(17, 26)",0.04003463125011212
"(17, 30)",nan
"(17, 32)",nan
"(17, 31)",nan
"(17, 34)",nan
"(17, 35)",0.0922652736970286
"(17, 33)",nan
"(17, 36)",nan
"(17, 37)",nan
"(17, 39)",nan
"(17, 38)",0.04019851349302133
"(18, 1)",0.11531557608578591
"(18, 4)",0.05205651690112611
"(18, 2)",0.11531557608578591
"(18, 3)",0.11531310259361309
"(18, 6)",0.04193217807834647
"(18, 5)",0.03675516505810788
"(18, 7)",0.03899031026221665
"(18, 9)",0.10788988312031669
"(18, 8)",0.03574369709336885
"(18, 10)",0.039130854923182405
"(18, 11)",0.037770809054593235
"(18, 15)",nan
"(18, 13)",nan
"(18, 12)",0.06346219231784887
"(18, 16)",nan
"(18, 14)",nan
"(18, 18)",0.06472752658819494
"(18, 19)",0.06608526176405036
"(18, 17)",nan
"(18, 22)",nan
"(18, 20)",nan
"(18, 23)",nan
"(18, 21)",nan
"(18, 24)",0.03647079047484482
"(18, 25)",0.04457004960411902
"(18, 26)",0.04015719114807233
"(18, 27)",0.11531557608578591
"(18, 30)",nan
"(18, 28)",nan
"(18, 29)",nan
"(18, 33)",nan
"(18, 34)",nan
"(18, 36)",nan
"(18, 32)",nan
"(18, 35)",nan
"(18, 31)",nan
"(18, 38)",nan
"(18, 39)",nan
"(18, 37)",nan
"(19, 1)",0.11532126092687596
"(19, 3)",0.038695930259735244
"(19, 2)",0.1153161436876968
"(19, 7)",0.04219317410177667
"(19, 5)",0.04642661699324512
"(19, 4)",0.04589891510792894
"(19, 6)",0.11531557608578591
"(19, 9)",nan
"(19, 8)",0.04469215166999209
"(19, 10)",0.03766765831835535
"(19, 12)",nan
"(19, 13)",0.07874569213912766
"(19, 14)",0.07883415273734554
"(19, 15)",nan
"(19, 11)",0.1013032802306055
"(19, 16)",nan
"(19, 18)",0.06437650053810995
"(19, 19)",nan
"(19, 17)",0.04309349270666086
"(19, 20)",nan
"(19, 23)",0.04618985968140722
"(19, 22)",nan
"(19, 21)",0.041511130257143036
"(19, 24)",0.04247194583269396
"(19, 26)",nan
"(19, 25)",nan
"(19, 29)",0.03786425174527413
"(19, 27)",nan
"(19, 28)",nan
"(19, 31)",nan
"(19, 32)",nan
"(19, 30)",nan
"(19, 33)",nan
"(19, 34)",nan
"(19, 35)",nan
"(19, 37)",nan
"(19, 38)",nan
"(19, 36)",nan
"(19, 39)",nan
"(20, 2)",0.05521032282519984
"(20, 1)",0.11531557608578591
"(20, 3)",0.0326573399240621
"(20, 4)",0.03161034928206998
"(20, 6)",0.048181977713300746
"(20, 7)",0.06952171762173154
"(20, 5)",0.045532328085424734
"(20, 9)",nan
"(20, 8)",0.04516104622525432
"(20, 10)",nan
"(20, 12)",nan
"(20, 11)",0.04609854312902253
"(20, 13)",nan
"(20, 14)",nan
"(20, 16)",0.11529901132614727
"(20, 15)",0.05131050237173694
"(20, 18)",nan
"(20, 17)",nan
"(20, 25)",nan
"(20, 19)",nan
"(20, 23)",nan
"(20, 22)",nan
"(20, 24)",nan
"(20, 20)",0.0496904809000135
"(20, 21)",nan
"(20, 27)",nan
"(20, 28)",nan
"(20, 26)",nan
"(20, 29)",nan
"(20, 30)",nan
"(20, 31)",nan
"(20, 32)",nan
"(20, 33)",nan
"(20, 34)",nan
"(20, 36)",nan
"(20, 38)",nan
"(20, 35)",nan
"(20, 39)",nan
"(20, 37)",nan
"(21, 1)",0.0369987229876342
"(21, 2)",0.06307413744001011
"(21, 3)",0.05504452362186502
"(21, 4)",0.057205044615268694
"(21, 5)",0.03627373413656301
"(21, 7)",0.040743633091036596
"(21, 6)",0.06628324554533929
"(21, 9)",0.036554065053228973
"(21, 8)",0.03795129877356672
"(21, 11)",nan
"(21, 12)",nan
"(21, 13)",0.10762309255795788
"(21, 14)",nan
"(21, 16)",nan
"(21, 10)",0.04257292367157114
"(21, 15)",nan
"(21, 17)",0.07923350602044273
"(21, 19)",nan
"(21, 18)",0.04634239762157855
"(21, 22)",nan
"(21, 21)",nan
"(21, 20)",nan
"(21, 23)",nan
"(21, 25)",nan
"(21, 24)",0.039957926323740636
"(21, 26)",nan
"(21, 28)",nan
"(21, 31)",nan
"(21, 27)",nan
"(21, 29)",nan
"(21, 30)",nan
"(21, 33)",nan
"(21, 32)",nan
"(21, 35)",nan
"(21, 34)",nan
"(21, 36)",nan
"(21, 37)",nan
"(22, 1)",0.04763871445229351
"(21, 39)",nan
"(21, 38)",nan
"(22, 2)",0.09404070126656107
"(22, 3)",0.048848839121341914
"(22, 5)",0.051936840880792236
"(22, 7)",0.043620227052910514
"(22, 6)",nan
"(22, 4)",0.04347539716898431
"(22, 10)",0.04084910704759326
"(22, 9)",0.04729725690379088
"(22, 8)",0.04476508581787654
"(22, 11)",nan
"(22, 12)",nan
"(22, 13)",0.08911294527837142
"(22, 16)",0.05390523413231549
"(22, 14)",0.05556208923938849
"(22, 15)",0.07484864181320808
"(22, 17)",0.04166946197787105
"(22, 18)",0.04815119876205278
"(22, 19)",0.04570521748987193
"(22, 23)",nan
"(22, 20)",0.04433036491374667
"(22, 22)",0.04460216375235397
"(22, 21)",0.0399345831786192
"(22, 25)",nan
"(22, 24)",0.045298560113809935
"(22, 26)",nan
"(22, 31)",nan
"(22, 27)",nan
"(22, 28)",nan
"(22, 29)",0.04254747354549609
"(22, 30)",0.03978187072287366
"(22, 32)",nan
"(22, 34)",nan
"(22, 33)",nan
"(22, 35)",nan
"(22, 38)",nan
"(22, 37)",nan
"(22, 39)",0.04594514470350569
"(22, 36)",nan
"(23, 1)",0.04117921746765107
"(23, 2)",0.05359025492735002
"(23, 6)",0.04769157459011899
"(23, 4)",0.046041860422517206
"(23, 3)",0.06096073556344203
"(23, 5)",1836.736847589826
"(23, 7)",0.04294556303588301
"(23, 8)",0.05911926510020706
"(23, 9)",0.0382282112096314
"(23, 11)",0.0436785374081347
"(23, 10)",0.0418039425142718
"(23, 12)",0.04200302262376134
"(23, 16)",0.04487447164090983
"(23, 14)",0.044103049943987435
"(23, 18)",0.04240312500424513
"(23, 13)",0.0482765318494778
"(23, 15)",nan
"(23, 17)",nan
"(23, 19)",nan
"(23, 20)",nan
"(23, 21)",0.038373577463207506
"(23, 23)",nan
"(23, 25)",0.03917284454956196
"(23, 22)",0.05070243366298586
"(23, 24)",0.08223094621569582
"(23, 27)",0.041388960753081835
"(23, 26)",0.09344402906046503
"(23, 28)",nan
"(23, 29)",nan
"(23, 30)",nan
"(23, 33)",nan
"(23, 32)",nan
"(23, 34)",nan
"(23, 31)",nan
"(23, 35)",nan
"(23, 37)",nan
"(23, 36)",nan
"(23, 39)",nan
"(24, 1)",0.11522247929703938
"(24, 2)",0.0535044874866497
"(24, 3)",0.0343467220978063
"(23, 38)",nan
"(24, 5)",0.06390318533666323
"(24, 4)",0.03525142222755861
"(24, 7)",0.041750324611137875
"(24, 9)",0.04045900924924603
"(24, 6)",0.11531142960776511
"(24, 8)",0.04270129583140588
"(24, 10)",0.04049488358906068
"(24, 11)",nan
"(24, 13)",0.03802403209862267
"(24, 14)",0.04532538786096852
"(24, 12)",0.03578162792685474
"(24, 17)",nan
"(24, 15)",nan
"(24, 16)",nan
"(24, 18)",nan
"(24, 19)",nan
"(24, 21)",nan
"(24, 20)",0.0426503051928869
"(24, 22)",nan
"(24, 23)",nan
"(24, 24)",nan
"(24, 25)",nan
"(24, 26)",0.04474550896521582
"(24, 27)",0.040822117304858706
"(24, 29)",0.041513235367704314
"(24, 28)",nan
"(24, 30)",nan
"(24, 31)",nan
"(24, 34)",nan
"(24, 32)",nan
"(24, 33)",nan
"(24, 35)",nan
"(24, 37)",nan
"(24, 36)",nan
"(24, 38)",nan
"(25, 2)",0.03706724233269968
"(25, 1)",0.11531557608578591
"(25, 4)",0.03923474563249251
"(24, 39)",nan
"(25, 3)",0.03675341986024605
"(25, 5)",0.050540736190469684
"(25, 7)",0.03490922276425179
"(25, 6)",0.05279389588078861
"(25, 9)",nan
"(25, 11)",0.03671140985950165
"(25, 8)",nan
"(25, 10)",0.3310388920555293
"(25, 12)",0.04922133697052653
"(25, 13)",nan
"(25, 14)",0.0463327752820374
"(25, 16)",nan
"(25, 15)",0.11531854674563462
"(25, 18)",0.08313217082802264
"(25, 17)",nan
"(25, 19)",nan
"(25, 20)",nan
"(25, 21)",nan
"(25, 22)",nan
"(25, 23)",nan
"(25, 27)",nan
"(25, 25)",nan
"(25, 26)",nan
"(25, 24)",nan
"(25, 29)",nan
"(25, 31)",nan
"(25, 32)",nan
"(25, 28)",nan
"(25, 30)",0.06472370003294321
"(25, 34)",nan
"(25, 33)",nan
"(25, 35)",nan
"(25, 39)",nan
"(25, 37)",nan
"(25, 36)",nan
"(25, 38)",nan
"(26, 1)",0.0370208965752008
"(26, 2)",0.039126488772635706
"(26, 4)",0.11531882416515503
"(26, 3)",0.03311180362585299
"(26, 6)",0.11531557608578591
"(26, 5)",0.11531557608578591
"(26, 10)",0.07501511945797018
"(26, 7)",0.05348265468767938
"(26, 11)",0.07801223009408345
"(26, 13)",nan
"(26, 12)",nan
"(26, 9)",nan
"(26, 8)",nan
"(26, 14)",0.11530272851869967
"(26, 15)",0.07584105290265472
"(26, 17)",0.043089832874857494
"(26, 16)",0.045289068428329804
"(26, 18)",0.039492425598046985
"(26, 19)",0.041451644301729845
"(26, 20)",nan
"(26, 21)",nan
"(26, 23)",nan
"(26, 24)",nan
"(26, 22)",nan
"(26, 27)",nan
"(26, 30)",nan
"(26, 25)",nan
"(26, 29)",nan
"(26, 28)",nan
"(26, 33)",nan
"(26, 26)",nan
"(26, 32)",nan
"(26, 31)",nan
"(26, 36)",nan
"(26, 35)",nan
"(26, 37)",nan
"(26, 38)",nan
"(26, 39)",nan
"(27, 1)",0.11531557608578591
"(27, 6)",0.03673964706102083
"(27, 3)",0.04874649376410754
"(27, 5)",0.04786175320095736
"(27, 4)",0.04270301476151019
"(27, 2)",0.11531557608578591
"(27, 10)",0.11531668309834038
"(27, 9)",0.03507669585849276
"(27, 11)",0.04514586203105569
"(27, 8)",0.07822952794376774
"(27, 7)",0.11531557608578591
"(27, 12)",nan
"(27, 13)",nan
"(27, 14)",nan
"(27, 15)",nan
"(27, 16)",nan
"(27, 18)",nan
"(27, 17)",nan
"(27, 19)",nan
"(27, 21)",nan
"(27, 22)",nan
"(27, 20)",nan
"(27, 24)",nan
"(27, 23)",nan
"(27, 25)",nan
"(27, 27)",nan
"(27, 26)",nan
"(27, 29)",nan
"(27, 28)",nan
"(27, 31)",nan
"(27, 30)",nan
"(27, 32)",nan
"(27, 33)",nan
"(27, 36)",nan
"(27, 34)",nan
"(28, 3)",0.04722550549087464
"(28, 2)",0.11531557608578591
"(27, 35)",nan
"(27, 38)",nan
"(28, 4)",0.11529332947118678
"(27, 37)",nan
"(28, 1)",0.0354837508711019
"(27, 39)",nan
"(28, 6)",0.03639495557426012
"(28, 5)",0.04144211557669212
"(28, 9)",0.03514928099835479
"(28, 7)",0.043468063409482435
"(28, 8)",0.04547632215156688
"(28, 11)",0.03716332224345785
"(28, 10)",0.037099921440227265
"(28, 12)",0.04434855935797666
"(28, 20)",0.037833960237241865
"(28, 15)",nan
"(28, 19)",0.036867559772966706
"(28, 13)",0.11531098353407015
"(28, 21)",nan
"(28, 14)",nan
"(28, 17)",nan
"(28, 18)",nan
"(28, 16)",0.04081547532118915
"(28, 23)",nan
"(28, 22)",nan
"(28, 24)",nan
"(28, 27)",nan
"(28, 25)",nan
"(28, 26)",nan
"(28, 29)",nan
"(28, 28)",nan
"(28, 35)",nan
"(28, 32)",nan
"(28, 30)",nan
"(28, 36)",nan
"(28, 31)",nan
"(28, 34)",nan
"(28, 39)",nan
"(28, 37)",nan
"(28, 33)",nan
"(28, 38)",nan
"(29, 1)",0.03686750918533856
"(29, 2)",0.03468330139351311
"(29, 5)",0.03639284905630548
"(29, 3)",0.03710730688418731
"(29, 6)",0.041963737695949827
"(29, 4)",0.050690233949487795
"(29, 10)",nan
"(29, 11)",nan
"(29, 7)",0.11411645265439424
"(29, 13)",nan
"(29, 9)",0.11530680173916669
"(29, 14)",0.04431772747930184
"(29, 8)",nan
"(29, 17)",nan
"(29, 15)",nan
"(29, 12)",nan
"(29, 16)",nan
"(29, 18)",nan
"(29, 19)",nan
"(29, 20)",nan
"(29, 21)",nan
"(29, 22)",nan
"(29, 26)",nan
"(29, 23)",nan
"(29, 24)",nan
"(29, 27)",nan
"(29, 28)",nan
"(29, 33)",nan
"(29, 29)",nan
"(29, 31)",nan
"(29, 25)",nan
"(29, 30)",nan
"(29, 32)",nan
"(29, 36)",nan
"(29, 35)",nan
"(29, 34)",nan
"(29, 37)",nan
"(29, 38)",nan
"(29, 39)",nan
"(30, 2)",0.11531557608578591
"(30, 5)",0.05735571167051813
"(30, 4)",0.11531541064035196
"(30, 1)",0.11531557608578591
"(30, 3)",0.037205192672317
"(30, 7)",0.11404657703184781
"(30, 10)",nan
"(30, 12)",0.03892439044676582
"(30, 8)",0.11531557608578591
"(30, 9)",0.046144587433546165
"(30, 6)",0.08679914237459935
"(30, 11)",0.11531557608578591
"(30, 14)",nan
"(30, 13)",nan
"(30, 15)",nan
"(30, 16)",nan
"(30, 17)",nan
"(30, 19)",nan
"(30, 18)",0.04066260200286963
"(30, 21)",nan
"(30, 20)",nan
"(30, 22)",nan
"(30, 23)",0.03604252640803139
"(30, 24)",nan
"(30, 28)",nan
"(30, 26)",nan
"(30, 25)",nan
"(30, 27)",nan
"(30, 30)",nan
"(30, 29)",nan
"(30, 31)",nan
"(30, 35)",nan
"(30, 32)",nan
"(30, 33)",nan
"(30, 34)",nan
"(30, 38)",nan
"(30, 39)",nan
"(30, 37)",nan
"(30, 36)",nan
"(31, 1)",0.04815116727817725
"(31, 5)",0.29653242103257943
"(31, 3)",0.07117384085811829
"(31, 2)",0.11527915156082606
"(31, 4)",0.0428559392153542
"(31, 7)",0.03720123421923622
"(31, 6)",0.03346674065592178
"(31, 10)",nan
"(31, 8)",0.04350784815478451
"(31, 9)",0.11531557608578591
"(31, 11)",nan
"(31, 13)",nan
"(31, 22)",nan
"(31, 16)",nan
"(31, 14)",nan
"(31, 18)",nan
"(31, 17)",nan
"(31, 15)",0.03271013195153984
"(31, 12)",nan
"(31, 19)",0.03538966195289308
"(31, 20)",nan
"(31, 23)",nan
"(31, 21)",nan
"(31, 25)",0.043494171356587924
"(31, 24)",nan
"(31, 28)",nan
"(31, 27)",nan
"(31, 26)",nan
"(31, 29)",nan
"(31, 30)",nan
"(31, 36)",nan
"(31, 31)",nan
"(31, 33)",nan
"(31, 32)",nan
"(31, 37)",nan
"(31, 34)",nan
"(31, 35)",nan
"(31, 39)",nan
"(31, 38)",nan
"(32, 4)",0.05348452238195732
"(32, 7)",0.04149765371669438
"(32, 1)",0.11531557608578591
"(32, 3)",0.047735601670601036
"(32, 5)",0.04297308291535373
"(32, 6)",0.044324298668957714
"(32, 2)",0.1153111394996455
"(32, 10)",0.04599634384466756
"(32, 11)",0.09030317858123744
"(32, 8)",0.04163509232080886
"(32, 13)",0.03449155859788073
"(32, 14)",nan
"(32, 12)",0.03739837253741895
"(32, 9)",0.032455272562847484
"(32, 15)",0.04481018973863954
"(32, 16)",0.08739340919604079
"(32, 17)",nan
"(32, 19)",0.04494346993574253
"(32, 20)",nan
"(32, 18)",0.03486815808376426
"(32, 23)",0.04811748218089117
"(32, 25)",0.07559750305735459
"(32, 22)",nan
"(32, 21)",0.03325490707242271
"(32, 26)",nan
"(32, 24)",0.03865947975096473
"(32, 29)",0.0383045365095912
"(32, 27)",nan
"(32, 28)",0.03404915509476281
"(32, 30)",nan
"(32, 31)",0.04392624315432733
"(32, 33)",nan
"(32, 32)",nan
"(32, 35)",nan
"(32, 34)",nan
"(32, 36)",nan
"(33, 1)",0.11531557608578591
"(32, 38)",nan
"(32, 39)",nan
"(33, 2)",0.04875747710682864
"(32, 37)",nan
"(33, 3)",0.03620897107544467
"(33, 7)",0.04434758358376237
"(33, 4)",0.07044887078059994
"(33, 5)",0.039585435498038654
"(33, 10)",0.3047597522023863
"(33, 6)",0.043656058742759976
"(33, 8)",0.044644220862623006
"(33, 9)",0.11531557608578591
"(33, 12)",0.04724609315534582
"(33, 11)",nan
"(33, 16)",0.04127673842096082
"(33, 13)",0.03840032920405456
"(33, 19)",nan
"(33, 15)",0.042003470503119616
"(33, 17)",0.040168726188768905
"(33, 14)",0.04601873243256839
"(33, 18)",0.042635272740449565
"(33, 20)",0.04297465132472378
"(33, 23)",nan
"(33, 22)",nan
"(33, 21)",nan
"(33, 25)",0.07674922881294055
"(33, 24)",nan
"(33, 27)",nan
"(33, 26)",nan
"(33, 28)",nan
"(33, 34)",nan
"(33, 30)",nan
"(33, 29)",nan
"(33, 32)",nan
"(33, 33)",nan
"(33, 31)",nan
"(33, 35)",nan
"(34, 1)",0.11531557608578591
"(33, 36)",nan
"(33, 37)",nan
"(33, 38)",nan
"(34, 2)",0.03330878690866658
"(33, 39)",nan
"(34, 3)",0.03372895627063767
"(34, 4)",0.10097135540392277
"(34, 6)",0.03304499731757276
"(34, 5)",0.04577839706740627
"(34, 7)",0.07716944323554682
"(34, 8)",0.09368824794858922
"(34, 12)",0.03802337412803078
"(34, 11)",0.03316312718205258
"(34, 9)",0.11521587445253638
"(34, 10)",0.04280652747152128
"(34, 15)",nan
"(34, 13)",0.060740121960606595
"(34, 14)",nan
"(34, 17)",nan
"(34, 16)",nan
"(34, 20)",nan
"(34, 18)",nan
"(34, 19)",nan
"(34, 21)",nan
"(34, 23)",nan
"(34, 24)",0.04376629973122139
"(34, 22)",nan
"(34, 25)",nan
"(34, 28)",nan
"(34, 26)",0.0375528169977609
"(34, 29)",nan
"(34, 30)",nan
"(34, 27)",nan
"(34, 31)",nan
"(34, 34)",nan
"(34, 32)",nan
"(34, 33)",nan
"(34, 36)",nan
"(34, 35)",nan
"(34, 38)",nan
"(34, 37)",nan
"(35, 1)",0.11531557608578591
"(34, 39)",nan
"(35, 3)",0.11531557608578591
"(35, 5)",0.04403895962178913
"(35, 7)",0.03924406022336625
"(35, 2)",0.044991796586346805
"(35, 4)",0.043785071586422954
"(35, 6)",0.04395123356027588
"(35, 8)",0.04246794100971356
"(35, 11)",0.0753068662850088
"(35, 10)",0.11531557608578591
"(35, 9)",0.03763786212371232
"(35, 13)",nan
"(35, 12)",nan
"(35, 14)",nan
"(35, 15)",0.07536004208949743
"(35, 17)",0.09100015242552695
"(35, 16)",0.03960355603436887
"(35, 20)",nan
"(35, 21)",nan
"(35, 22)",0.05450587289033794
"(35, 18)",0.04066781690198649
"(35, 23)",nan
"(35, 19)",nan
"(35, 24)",nan
"(35, 25)",nan
"(35, 26)",nan
"(35, 28)",nan
"(35, 30)",nan
"(35, 29)",nan
"(35, 32)",nan
"(35, 27)",nan
"(35, 31)",nan
"(35, 34)",nan
"(35, 36)",nan
"(35, 33)",0.04805377663989923
"(35, 35)",nan
"(35, 38)",nan
"(35, 37)",nan
"(35, 39)",0.042598590486469294
"(36, 2)",0.09691936103656021
"(36, 1)",0.09123464708409412
"(36, 5)",0.03634969650350068
"(36, 3)",0.03744362707708501
"(36, 4)",0.047221637176765835
"(36, 7)",0.04085289343582454
"(36, 8)",0.03684859372246958
"(36, 6)",0.036946512832914724
"(36, 9)",0.03560506790060912
"(36, 11)",0.04649138818880981
"(36, 13)",0.034343494091971724
"(36, 12)",0.03651452098712727
"(36, 10)",0.04300922857497471
"(36, 14)",0.04634661816627509
"(36, 15)",0.0816027365556031
"(36, 17)",0.08361919591788598
"(36, 16)",0.11531557608578591
"(36, 20)",0.039908704174586425
"(36, 18)",0.03864848343232261
"(36, 19)",0.038161261030316584
"(36, 22)",nan
"(36, 21)",0.0385822462163915
"(36, 23)",nan
"(36, 24)",nan
"(36, 25)",0.036820299231965975
"(36, 26)",nan
"(36, 27)",nan
"(36, 31)",0.036412893273357345
"(36, 28)",0.04744362528315698
"(36, 30)",nan
"(36, 29)",0.046645369529331536
"(36, 32)",nan
"(36, 36)",nan
"(36, 33)",0.038680309950258236
"(36, 34)",nan
"(36, 35)",nan
"(36, 37)",nan
"(37, 1)",0.11531557608578591
"(36, 39)",nan
"(36, 38)",nan
"(37, 2)",0.0570035323574223
"(37, 3)",0.04477650732842362
"(37, 4)",0.04356469271512089
"(37, 5)",0.04756986697640224
"(37, 7)",0.03901326800575049
"(37, 6)",0.0367005608251195
"(37, 8)",0.047043809956496575
"(37, 10)",0.03803236616581195
"(37, 9)",0.11520348167927923
"(37, 11)",0.038473925384745464
"(37, 12)",0.04153306217134855
"(37, 14)",0.04272962067625347
"(37, 13)",nan
"(37, 15)",0.04268050044586737
"(37, 16)",0.044990139706436914
"(37, 18)",nan
"(37, 17)",nan
"(37, 22)",0.05004566623645534
"(37, 21)",nan
"(37, 20)",nan
"(37, 23)",nan
"(37, 19)",nan
"(37, 25)",nan
"(37, 26)",0.0376189648473573
"(37, 30)",0.04703501036876438
"(37, 27)",nan
"(37, 28)",0.036625561517656384
"(37, 24)",0.04308324457225933
"(37, 31)",nan
"(37, 29)",nan
"(37, 32)",0.048771357034704484
"(37, 37)",nan
"(37, 33)",0.045022566868717945
"(37, 38)",nan
"(37, 39)",nan
"(37, 34)",0.044145843982690905
"(37, 36)",nan
"(38, 2)",0.11531636457565173
"(38, 1)",0.11531557608578591
"(38, 3)",0.03923109872125772
"(38, 4)",0.11531557608578591
"(38, 5)",0.036501879826559176
"(38, 6)",0.03880724157498923
"(37, 35)",nan
"(38, 9)",0.04275196484641512
"(38, 7)",0.0363728409948229
"(38, 8)",0.045426162547511285
"(38, 10)",0.11531557608578591
"(38, 11)",0.0411212811422818
"(38, 14)",0.043593691563239
"(38, 12)",nan
"(38, 13)",0.11153832535233695
"(38, 15)",nan
"(38, 17)",0.04369324468679922
"(38, 16)",nan
"(38, 19)",nan
"(38, 18)",0.10393513859796799
"(38, 21)",0.04346056946864647
"(38, 20)",0.037478367836450026
"(38, 22)",nan
"(38, 23)",0.04304916224217345
"(38, 24)",0.042019031059292916
"(38, 25)",nan
"(38, 26)",0.040955862371397395
"(38, 27)",0.04247395850023365
"(38, 29)",nan
"(38, 30)",nan
"(38, 28)",0.04428763577234826
"(38, 33)",nan
"(38, 31)",nan
"(38, 34)",nan
"(38, 32)",nan
"(38, 35)",nan
"(38, 37)",nan
"(38, 36)",nan
"(38, 38)",nan
"(38, 39)",nan
"(39, 1)",0.11531557608578591
"(39, 4)",0.03762916300073285
"(39, 3)",0.04632402758984658
"(39, 2)",0.03413376177867317
"(39, 5)",0.04509620625881157
"(39, 6)",0.0378582432402381
"(39, 7)",0.03559493129440955
"(39, 10)",0.04094934716470928
"(39, 8)",0.040575357669954654
"(39, 9)",0.043335239192644086
"(39, 13)",0.03984614717665948
"(39, 11)",0.04014401187796109
"(39, 12)",0.0401995074391122
"(39, 14)",0.04044770964748761
"(39, 15)",0.0404522699925167
"(39, 16)",0.042314739020028455
"(39, 20)",nan
"(39, 17)",0.041570455687587396
"(39, 18)",nan
"(39, 19)",0.037644018052338746
"(39, 22)",nan
"(39, 21)",nan
"(39, 24)",nan
"(39, 23)",0.041544162736968294
"(39, 26)",0.03502654369162393
"(39, 25)",nan
"(39, 27)",0.03989093208518989
"(39, 29)",nan
"(39, 28)",nan
"(39, 30)",nan
"(39, 31)",nan
"(39, 32)",nan
"(39, 33)",nan
"(39, 35)",nan
"(39, 34)",nan
"(39, 36)",nan
"(39, 37)",nan
"(39, 38)",nan
"(39, 39)",nan
"(1, 1, 1)",0.11531557608578591
"(1, 1, 3)",0.11531557608578591
"(1, 1, 5)",0.08686456716467873
"(1, 1, 2)",0.11531557608578591
"(1, 1, 6)",0.10852872929683861
"(1, 1, 4)",0.11531557608578591
"(1, 1, 7)",0.10902176138180913
"(1, 1, 8)",0.10727297499392809
"(1, 1, 9)",0.10810165751625941
"(1, 2, 2)",0.11531557608578591
"(1, 2, 3)",0.11531557608578591
"(1, 2, 1)",0.11531557608578591
"(1, 2, 4)",0.08707938395182027
"(1, 2, 5)",0.11531554043604915
"(1, 2, 8)",0.10852485306961802
"(1, 2, 6)",0.10913409737097388
"(1, 2, 9)",0.10853037079011692
"(1, 3, 1)",0.11531557608578591
"(1, 3, 2)",0.11531557608578591
"(1, 3, 3)",0.1084548279107699
"(1, 3, 5)",0.08713550884584476
"(1, 3, 4)",0.10913078821118126
"(1, 3, 6)",0.10859592667893346
"(1, 3, 7)",0.10851962895082273
"(1, 3, 9)",0.10449373925271141
"(1, 4, 1)",0.11531557608578591
"(1, 4, 2)",0.0871035370446371

"(1, 4, 3)",0.10911655872432706
"(1, 4, 8)",0.10883159003955806
"(1, 4, 4)",0.10872057157686807
"(1, 4, 5)",0.05379779760545772
"(1, 4, 6)",0.10715903171346085
"(1, 4, 7)",0.10764192435103044
"(1, 4, 9)",0.10874897019684632
"(1, 5, 1)",0.08703470562378525
"(1, 5, 2)",0.11531555406606778
"(1, 5, 3)",0.08694062786156193
"(1, 5, 4)",0.11531557608578591
"(1, 5, 5)",0.10881318502265688
"(1, 5, 6)",0.0568253670104656
"(1, 5, 8)",0.10886700810257896
"(1, 5, 7)",0.055825754665721955
"(1, 5, 9)",0.05482777678097717
"(1, 6, 1)",0.11531557608578591
"(1, 6, 2)",0.11531557608578591
"(1, 6, 3)",0.11531557608578591
"(1, 6, 5)",0.10672175506398093
"(1, 6, 7)",0.1088090596958698
"(1, 6, 4)",0.10827874056078866
"(1, 6, 6)",0.10887686869855763
"(1, 6, 9)",0.049697837223828506
"(1, 6, 8)",0.1028826221716171
"(1, 7, 1)",0.11531557608578591
"(1, 7, 2)",0.11531557608578591
"(1, 7, 3)",0.04764888776367637
"(1, 7, 4)",0.10168957259308854
"(1, 7, 6)",0.10881721508119131
"(1, 7, 5)",0.1027305151336339
"(1, 7, 7)",0.10445094843506925
"(1, 7, 8)",0.1021982096885891
"(1, 7, 9)",0.1055219066684581
"(1, 8, 1)",0.1086779923294717
"(1, 8, 2)",0.057832955621572806
"(1, 8, 3)",0.11531557608578591
"(1, 8, 5)",0.11093430910124553
"(1, 8, 4)",0.1059234903045374
"(1, 8, 6)",0.10203783702546727
"(1, 8, 7)",0.10596301934582347
"(1, 8, 9)",0.10790451776776916
"(1, 8, 8)",0.10265216072004499
"(1, 9, 1)",0.11531557608578591
"(1, 9, 2)",0.11531557608578591
"(1, 9, 3)",0.11531557608578591
"(1, 9, 4)",0.10542562947088771
"(1, 9, 6)",0.05962377171676397
"(1, 9, 5)",0.10564702739975847
"(1, 9, 7)",0.1054296467913287
"(1, 9, 8)",0.10430905275454161
"(1, 9, 9)",0.10012900019512265
"(2, 1, 1)",0.11531557608578591
"(2, 1, 3)",0.11531557608578591
"(2, 1, 2)",0.11531557608578591
"(2, 1, 4)",0.11531557608578591
"(2, 1, 5)",0.04666532173631902
"(2, 1, 7)",0.11531557608578591
"(2, 1, 6)",0.11531557608578591
"(2, 1, 8)",0.03388816004529743
"(2, 1, 9)",0.11531557608578591
"(2, 2, 1)",0.11531557608578591
"(2, 2, 2)",0.11531557608578591
"(2, 2, 4)",0.11531557608578591
"(2, 2, 3)",0.11531557608578591
"(2, 2, 5)",0.045431937424733546
"(2, 2, 6)",0.03710655240621936
"(2, 2, 7)",0.03605414116664778
"(2, 2, 8)",0.03459122521402299
"(2, 3, 1)",0.11531557608578591
"(2, 2, 9)",0.03490728910104346
"(2, 3, 2)",0.11531557608578591
"(2, 3, 3)",0.11531557608578591
"(2, 3, 4)",0.03963339654036019
"(2, 3, 5)",0.08070816872032832
"(2, 3, 7)",0.034012859585163764
"(2, 3, 6)",0.1045738122108209
"(2, 3, 8)",0.03839111504583702
"(2, 3, 9)",0.03421139251167761
"(2, 4, 2)",0.041151610900513176
"(2, 4, 3)",0.11531557608578591
"(2, 4, 1)",0.11531557608578591
"(2, 4, 4)",0.04521004249426638
"(2, 4, 5)",0.03464006960273566
"(2, 4, 6)",0.03502890158907875
"(2, 4, 8)",0.04410427759674118
"(2, 4, 7)",0.03275099026001033
"(2, 4, 9)",0.03315071159269284
"(2, 5, 1)",0.04371155996530611
"(2, 5, 2)",0.11531557608578591
"(2, 5, 3)",0.03997945110272228
"(2, 5, 4)",0.04137033215734678
"(2, 5, 5)",0.03799288189356175
"(2, 5, 7)",0.03238463487845987
"(2, 5, 6)",0.045282033488173785
"(2, 5, 8)",0.0348967619371263
"(2, 5, 9)",0.03389242053336282
"(2, 6, 1)",0.11531557608578591
"(2, 6, 2)",0.11531557608578591
"(2, 6, 3)",0.03938820043844552
"(2, 6, 4)",0.0423692182742511
"(2, 6, 5)",0.040708088477302555
"(2, 6, 6)",0.04041537415315959
"(2, 6, 7)",0.0383523682253859
"(2, 6, 9)",0.042547884377180614
"(2, 6, 8)",0.036809192351107335
"(2, 7, 1)",0.10834446859630745
"(2, 7, 2)",0.11531557608578591
"(2, 7, 3)",0.04944627794322522
"(2, 7, 4)",0.04118983711869801
"(2, 7, 6)",0.03383269043383157
"(2, 7, 7)",0.03943230897146736
"(2, 7, 5)",0.040615732496925405
"(2, 7, 8)",0.03833035769081843
"(2, 7, 9)",0.03905322329712208
"(2, 8, 1)",0.04248642932344916
"(2, 8, 2)",0.04471847964560449
"(2, 8, 3)",0.11531557608578591
"(2, 8, 4)",0.03881568739053975
"(2, 8, 5)",0.045458385261524126
"(2, 8, 6)",0.04612739862323811
"(2, 8, 7)",0.03582088538253569
"(2, 8, 9)",0.040361871368771646
"(2, 8, 8)",0.03917779757051301
"(2, 9, 1)",0.11531557608578591
"(2, 9, 2)",0.11531557608578591
"(2, 9, 3)",0.042694855718466936
"(2, 9, 4)",0.052575492598914676
"(2, 9, 6)",0.039350251237523
"(2, 9, 5)",0.04512522479151587
"(2, 9, 7)",0.03420713040490539
"(2, 9, 8)",0.034760617713603996
"(2, 9, 9)",0.03238199414413785
"(3, 1, 1)",0.11531557608578591
"(3, 1, 2)",0.05843636156086765
"(3, 1, 3)",0.11531557608578591
"(3, 1, 4)",0.11531557608578591
"(3, 1, 5)",0.11531557608578591
"(3, 1, 6)",0.04171337915706141
"(3, 1, 7)",0.11531557608578591
"(3, 1, 8)",0.03747114695755333
"(3, 1, 9)",0.11531557608578591
"(3, 2, 1)",0.11531557608578591
"(3, 2, 2)",0.11531557608578591
"(3, 2, 3)",0.11531547986564161
"(3, 2, 4)",0.042982085842419124
"(3, 2, 5)",0.037100506382306574
"(3, 2, 6)",0.07748057857659096
"(3, 2, 7)",0.046069051889692236
"(3, 2, 8)",0.1071764919681683
"(3, 2, 9)",0.03760699590062741
"(3, 3, 1)",0.11531557608578591
"(3, 3, 2)",0.08537948584159996
"(3, 3, 3)",0.037519623468211145
"(3, 3, 4)",0.11531588524547334
"(3, 3, 5)",0.03396334582923703
"(3, 3, 6)",0.09903534134744386
"(3, 3, 7)",0.08693010324745004
"(3, 3, 8)",0.041969328695461515
"(3, 3, 9)",0.04792661351378127
"(3, 4, 1)",0.11531557608578591
"(3, 4, 2)",0.04654513437790477
"(3, 4, 3)",0.04606164103258934
"(3, 4, 4)",0.10286871466440965
"(3, 4, 5)",0.0444828623658241
"(3, 4, 6)",0.03960588326262971
"(3, 4, 7)",0.03777320383526256
"(3, 4, 8)",0.041596527787555994
"(3, 4, 9)",0.0349128495368451
"(3, 5, 1)",0.11006373232507582
"(3, 5, 2)",0.033193133334802
"(3, 5, 4)",0.038833322270021516
"(3, 5, 3)",0.03960554203485079
"(3, 5, 5)",0.03631424354587138
"(3, 5, 6)",0.0353049777658889
"(3, 5, 7)",0.03332696258493177
"(3, 5, 8)",0.03829576841978274
"(3, 5, 9)",0.0358032668144562
"(3, 6, 1)",0.03925676662580859
"(3, 6, 2)",0.032180489536449024
"(3, 6, 3)",0.042929994901301304
"(3, 6, 4)",0.03729060490507336
"(3, 6, 5)",0.0470441270772885
"(3, 6, 6)",0.03483457789967632
"(3, 6, 7)",0.036389618009958824
"(3, 6, 8)",0.03606249878223788
"(3, 6, 9)",0.03234772945046197
"(3, 7, 1)",0.11531557608578591
"(3, 7, 2)",0.04654583845681577
"(3, 7, 3)",0.039754734224276514
"(3, 7, 4)",0.031935272374762166
"(3, 7, 5)",0.04706680401340704
"(3, 7, 6)",0.04815857178778775
"(3, 7, 7)",0.03441200670973085
"(3, 7, 8)",0.033113300880672686
"(3, 7, 9)",0.032746516061860804
"(3, 8, 1)",0.04043536661323053
"(3, 8, 2)",0.031134199572040548
"(3, 8, 3)",0.039171842037422376
"(3, 8, 4)",0.03992905250714573
"(3, 8, 5)",0.039224330203842354
"(3, 8, 6)",0.03581427619645512
"(3, 8, 7)",0.03336655341669469
"(3, 8, 8)",0.035401012057734806
"(3, 8, 9)",0.035809197373571924
"(3, 9, 1)",0.06276467053831004
"(3, 9, 2)",0.05537584550791062
"(3, 9, 3)",0.03498431893592585
"(3, 9, 4)",0.044144596052126464
"(3, 9, 5)",0.043980013460718836
"(3, 9, 6)",0.034313607625446475
"(3, 9, 7)",0.043881489744979
"(3, 9, 8)",0.04133410288694595
"(3, 9, 9)",0.03428693943878103
"(4, 1, 1)",0.11531557608578591
"(4, 1, 2)",0.11531557608578591
"(4, 1, 3)",0.11504507835836328
"(4, 1, 4)",0.11531557608578591
"(4, 1, 5)",0.11531446599622636
"(4, 1, 6)",0.03628948177189087
"(4, 1, 7)",0.11531557608578591
"(4, 1, 8)",0.11531557608578591
"(4, 1, 9)",0.03391375316106762
"(4, 2, 1)",0.11531557608578591
"(4, 2, 2)",0.06309192815797833
"(4, 2, 3)",0.11531464885154105
"(4, 2, 4)",0.04968096796651293
"(4, 2, 5)",0.039191289691848534
"(4, 2, 6)",0.08933414610286518
"(4, 2, 7)",0.04331473060592633
"(4, 2, 8)",0.03927469305071677
"(4, 2, 9)",0.04149970876945192
"(4, 3, 1)",0.11531557608578591
"(4, 3, 2)",0.04115323934296819
"(4, 3, 3)",0.04565858362957641
"(4, 3, 4)",0.04600640811094599
"(4, 3, 5)",0.11531558036467801
"(4, 3, 6)",0.11533341489242815
"(4, 3, 7)",0.03665858749130273
"(4, 3, 8)",0.05754207757277145
"(4, 3, 9)",0.04846059042807114
"(4, 4, 1)",0.046127580258763075
"(4, 4, 2)",0.048287549964117396
"(4, 4, 3)",0.04120164376024941
"(4, 4, 4)",0.03965975094360973
"(4, 4, 5)",0.037857792059346224
"(4, 4, 6)",0.03599290456697122
"(4, 4, 7)",0.03763782338127696
"(4, 4, 8)",0.038368092239731345
"(4, 4, 9)",0.03779054557170314
"(4, 5, 1)",0.11531557608578591
"(4, 5, 2)",0.04652020012417111
"(4, 5, 3)",0.043509861070539814
"(4, 5, 4)",0.041425286346571735
"(4, 5, 5)",0.04393665994759685
"(4, 5, 6)",0.04736270669625661
"(4, 5, 7)",0.03979739031241873
"(4, 5, 8)",0.03925966455328673
"(4, 5, 9)",0.03588463817249969
"(4, 6, 1)",0.04687037065571838
"(4, 6, 2)",0.04841158771805314
"(4, 6, 3)",0.05459655724069958
"(4, 6, 4)",0.045357016710582405
"(4, 6, 5)",0.04182623256730277
"(4, 6, 6)",0.041359195821422404
"(4, 6, 7)",0.05140174637113701
"(4, 6, 8)",0.11175139593585715
"(4, 6, 9)",0.036898064548816056
"(4, 7, 1)",0.042766459529453967
"(4, 7, 2)",0.045420791846910634
"(4, 7, 3)",0.041151889886918924
"(4, 7, 4)",0.11531557608578591
"(4, 7, 5)",0.04022466028127762
"(4, 7, 6)",0.03528914109734791
"(4, 7, 7)",0.05004643250494793
"(4, 7, 8)",0.040237464725832964
"(4, 7, 9)",0.04276613823052908
"(4, 8, 1)",0.04238216978332148
"(4, 8, 2)",0.04476659840811643
"(4, 8, 3)",0.0431775127006985
"(4, 8, 4)",0.043647582959738605
"(4, 8, 5)",0.11531557608578591
"(4, 8, 6)",0.042719590538863386
"(4, 8, 7)",0.03872033047742663
"(4, 8, 8)",0.04436155660964491
"(4, 8, 9)",0.045083222134215936
"(4, 9, 1)",0.04866131373507976
"(4, 9, 2)",0.11531557608578591
"(4, 9, 3)",0.043066033714506284
"(4, 9, 4)",0.11531557608578591
"(4, 9, 5)",0.044128013850707706
"(4, 9, 6)",0.04526622864730439
"(4, 9, 7)",0.11531557608578591
"(4, 9, 8)",0.043039314818196873
"(4, 9, 9)",0.04380434410427386
"(5, 1, 1)",0.04075007731168612
"(5, 1, 2)",0.1153156660139388
"(5, 1, 3)",0.115315595489091
"(5, 1, 4)",0.042044392795187124
"(5, 1, 5)",0.04826069915832306
"(5, 1, 6)",0.11531507992823692
"(5, 1, 7)",0.1153007600871582
"(5, 1, 8)",0.04208756874122825
"(5, 1, 9)",0.05898811114357598
"(5, 2, 1)",0.03339349636416717
"(5, 2, 2)",0.11531525132545795
"(5, 2, 3)",0.03315230480609679
"(5, 2, 4)",0.11531557608578591
"(5, 2, 6)",0.03718939916896275
"(5, 2, 5)",0.03277837944867127
"(5, 2, 7)",0.035199198452266274
"(5, 2, 8)",0.037050482210360024
"(5, 2, 9)",0.0341465376128583
"(5, 3, 1)",0.03544452525549668
"(5, 3, 2)",0.11531557608578591
"(5, 3, 3)",0.042871818698923946
"(5, 3, 4)",0.03156770787133868
"(5, 3, 5)",0.046315995657740514
"(5, 3, 6)",0.044765741393853954
"(5, 3, 7)",0.044867048229445775
"(5, 3, 8)",0.04573564035121456
"(5, 3, 9)",0.036346814468313914
"(5, 4, 1)",0.07170527568099122
"(5, 4, 2)",0.04470367473984511
"(5, 4, 3)",0.04498654854680601
"(5, 4, 4)",0.04040994937844193
"(5, 4, 5)",0.04484172517290396
"(5, 4, 6)",0.03231572318195125
"(5, 4, 7)",0.04074574634949587
"(5, 4, 8)",0.033363096118904985
"(5, 4, 9)",0.04154935350237738
"(5, 5, 1)",0.032324381021440377
"(5, 5, 2)",0.04100868075344333
"(5, 5, 3)",0.03785446866696971
"(5, 5, 4)",0.03338192590022482
"(5, 5, 5)",0.04185609943820167
"(5, 5, 6)",0.03599133176030498
"(5, 5, 7)",0.03515451853869029
"(5, 5, 8)",0.0419393467624882
"(5, 5, 9)",0.03820984740658809
"(5, 6, 1)",0.034271361238871346
"(5, 6, 2)",0.043545459711010696
"(5, 6, 3)",0.038979472693236386
"(5, 6, 4)",0.03547740929703344
"(5, 6, 5)",0.03446730794657379
"(5, 6, 6)",0.03415409449199045
"(5, 6, 7)",0.03398799145914397
"(5, 6, 8)",0.03529414692467689
"(5, 6, 9)",0.03903524580351878
"(5, 7, 1)",0.11531570175508368
"(5, 7, 2)",0.1153153114715211
"(5, 7, 3)",0.03807133469116062
"(5, 7, 4)",0.03993122180906128
"(5, 7, 5)",0.04270766437201569
"(5, 7, 6)",0.037075679318932867
"(5, 7, 7)",0.036510183660675766
"(5, 7, 8)",0.038375209991651865
"(5, 7, 9)",0.03645678400512238
"(5, 8, 1)",0.032490852888954765
"(5, 8, 2)",0.11531557608578591
"(5, 8, 3)",0.03281793914963373
"(5, 8, 4)",0.03193451099847188
"(5, 8, 5)",0.03426747987709495
"(5, 8, 6)",0.03460736832305535
"(5, 8, 7)",0.04087466756561765
"(5, 8, 8)",0.032697630030758526
"(5, 8, 9)",0.038769767636451825
"(5, 9, 1)",0.03931780654031795
"(5, 9, 2)",0.035467464962497974
"(5, 9, 3)",0.03821386323936852
"(5, 9, 4)",0.03371447638947442
"(5, 9, 5)",0.03414484556473974
"(5, 9, 6)",0.0334582263291077
"(5, 9, 7)",0.03686094670772892
"(5, 9, 8)",0.033267627686329446
"(5, 9, 9)",0.03405656102600412
"(6, 1, 1)",0.11531557608578591
"(6, 1, 2)",0.04948536350353159
"(6, 1, 3)",0.11531559369520705
"(6, 1, 4)",0.04497126076298833
"(6, 1, 5)",0.04257354234149413
"(6, 1, 6)",0.042691022095374384
"(6, 1, 7)",0.04123777680380883
"(6, 1, 8)",0.043748541333969715
"(6, 1, 9)",0.04310815426784706
"(6, 2, 1)",0.11531557608578591
"(6, 2, 2)",0.04224013761093036
"(6, 2, 3)",0.04493788058954942
"(6, 2, 4)",0.052743200034787135
"(6, 2, 5)",0.04544315086605336
"(6, 2, 6)",0.035706713913143937
"(6, 2, 7)",0.035257190636054536
"(6, 2, 8)",0.04632797330122141
"(6, 2, 9)",0.04803368507841741
"(6, 3, 1)",0.04239338985869875
"(6, 3, 2)",0.040814081566671344
"(6, 3, 3)",0.0515584830961987
"(6, 3, 4)",0.04195877431060831
"(6, 3, 5)",0.03866908457580015
"(6, 3, 6)",0.039420135478324035
"(6, 3, 7)",0.03523142695282308
"(6, 3, 8)",0.04208382210068105
"(6, 3, 9)",0.035283466784578776
"(6, 4, 1)",0.1153175098022085
"(6, 4, 2)",0.04030727476129934
"(6, 4, 3)",0.041331314297001646
"(6, 4, 4)",0.03985574382532677
"(6, 4, 5)",0.04545220787148093
"(6, 4, 6)",0.09738334293168507
"(6, 4, 7)",0.03598322542207205
"(6, 4, 8)",0.03313365897692457
"(6, 4, 9)",0.03718917133441252
"(6, 5, 1)",0.04494420428753607
"(6, 5, 2)",0.11531557608578591
"(6, 5, 3)",0.03978485704011728
"(6, 5, 4)",0.04361190703396885
"(6, 5, 5)",0.03346992437502512
"(6, 5, 6)",0.03477887333684729
"(6, 5, 7)",0.04411017039104278
"(6, 5, 8)",0.035112271322159924
"(6, 5, 9)",0.03512968928695871
"(6, 6, 1)",0.041891417220475076
"(6, 6, 2)",0.0338947019024754
"(6, 6, 3)",0.0451285945125027
"(6, 6, 4)",0.03877473334571151
"(6, 6, 5)",0.03696950543672748
"(6, 6, 6)",0.038914617647875786
"(6, 6, 7)",0.03769467288074834
"(6, 6, 8)",0.038911749332302153
"(6, 6, 9)",0.03705152098305952
"(6, 7, 1)",0.11531557608578591
"(6, 7, 2)",0.037339238584641464
"(6, 7, 3)",0.036248286616068374
"(6, 7, 4)",0.03806548692206063
"(6, 7, 5)",0.034289817006215105
"(6, 7, 6)",0.03923061090483853
"(6, 7, 7)",0.11531557608578591
"(6, 7, 8)",0.03779873266039111
"(6, 7, 9)",0.03675999034133065
"(6, 8, 1)",0.03573004041913148
"(6, 8, 2)",0.05787875196142857
"(6, 8, 3)",0.11531796707745165
"(6, 8, 4)",0.038690224313246264
"(6, 8, 5)",0.042940058598029025
"(6, 8, 6)",0.039555463835440306
"(6, 8, 7)",0.039856922732415374
"(6, 8, 8)",0.0395953488745975
"(6, 8, 9)",0.04051766643408213
"(6, 9, 1)",0.11531557608578591
"(6, 9, 2)",0.04245505031394057
"(6, 9, 3)",0.03929335632548228
"(6, 9, 4)",0.041145837703113385
"(6, 9, 5)",0.04167216696312572
"(6, 9, 6)",0.041889868528433294
"(6, 9, 7)",0.037668354206893365
"(6, 9, 8)",0.03690949040650058
"(6, 9, 9)",0.04289880134867167
"(7, 1, 1)",0.0810618445151898
"(7, 1, 2)",0.04622746129426485
"(7, 1, 3)",0.045777365823526546
"(7, 1, 4)",0.10515778483122787
"(7, 1, 6)",0.049652605780055765
"(7, 1, 5)",0.050703981802729454
"(7, 1, 7)",0.049281525240608026
"(7, 1, 8)",0.04984676283318701
"(7, 1, 9)",0.04878437259454287
"(7, 2, 1)",0.11531557608578591
"(7, 2, 2)",0.11531557608578591
"(7, 2, 3)",0.11531557608578591
"(7, 2, 4)",0.04638134317896441
"(7, 2, 5)",0.04244370838111525
"(7, 2, 6)",0.03660664796477039
"(7, 2, 7)",0.11531557608578591
"(7, 2, 8)",0.04733744553464346
"(7, 2, 9)",0.04960430054400072
"(7, 3, 1)",0.04101193679019509
"(7, 3, 2)",0.04253731050070807
"(7, 3, 3)",0.03910472020496777
"(7, 3, 4)",0.04859042627495
"(7, 3, 5)",0.050628124538628264
"(7, 3, 6)",0.04286618411849955
"(7, 3, 7)",0.06995906268038021
"(7, 3, 8)",0.0419546468250088
"(7, 3, 9)",0.03448638990968495
"(7, 4, 1)",0.05796445230477168
"(7, 4, 2)",0.08640388720587275
"(7, 4, 3)",0.05182732706663188
"(7, 4, 4)",0.041950426874661245
"(7, 4, 5)",0.0533250665461563
"(7, 4, 6)",0.044109641686618656
"(7, 4, 7)",0.04661926429931134
"(7, 4, 8)",0.041327480439274554
"(7, 4, 9)",0.052002798980216855
"(7, 5, 1)",0.11531557608578591
"(7, 5, 2)",0.11531557608578591
"(7, 5, 3)",0.041417371583748114
"(7, 5, 4)",0.044657158024566754
"(7, 5, 5)",0.04360175051017979

"(7, 5, 7)",0.04157927145903005
"(7, 5, 8)",0.04011520387748841
"(7, 5, 9)",0.04502206170727015
"(7, 6, 1)",0.11531557608578591
"(7, 6, 3)",0.03770544442533453
"(7, 6, 2)",0.11531564952572482
"(7, 6, 4)",0.038317243183204105
"(7, 6, 5)",0.039580638213403116
"(7, 6, 6)",0.03446620534204109
"(7, 6, 7)",0.037114880197898804
"(7, 6, 8)",0.037710028242024005
"(7, 6, 9)",0.03777460897218653
"(7, 7, 1)",0.11531536084480713
"(7, 7, 2)",0.11530358144167102
"(7, 7, 3)",0.04248382869003235
"(7, 7, 4)",0.03527302728253938
"(7, 7, 5)",0.03961975259293188
"(7, 7, 6)",0.04212933017423828
"(7, 7, 7)",0.04004285941129356
"(7, 7, 8)",0.038636605233676125
"(7, 7, 9)",0.03922773394054291
"(7, 8, 1)",0.11531450775015054
"(7, 8, 2)",0.046322108073692865
"(7, 8, 3)",0.04540851177116786
"(7, 8, 4)",0.03883667328293413
"(7, 8, 5)",0.04238535389570148
"(7, 8, 6)",0.04067411113118913
"(7, 8, 7)",0.04106084270347997
"(7, 8, 8)",0.043706274242451465
"(7, 8, 9)",0.041993097333160055
"(7, 9, 1)",0.11531557608578591
"(7, 9, 2)",0.04384297680490906
"(7, 9, 3)",0.04487170266117527
"(7, 9, 4)",0.041582031598237784
"(7, 9, 5)",0.044154901321701995
"(7, 9, 6)",0.03613556311812743
"(7, 9, 7)",0.04358768901645056
"(7, 9, 8)",0.03649708095658143
"(7, 9, 9)",0.04002602418202258
"(8, 1, 1)",0.11531557608578591
"(8, 1, 2)",0.09025420480178918
"(8, 1, 3)",0.057874272667404233
"(8, 1, 4)",0.11531557608578591
"(8, 1, 5)",0.06492922784009811
"(8, 1, 6)",0.059779477285093294
"(8, 1, 7)",0.11531557608578591
"(8, 1, 9)",0.04766541564880034
"(8, 1, 8)",0.06226915578174377
"(8, 2, 1)",0.11531557608578591
"(8, 2, 2)",0.11531557608578591
"(8, 2, 3)",0.042780793176531925
"(8, 2, 4)",0.11502508421419297
"(8, 2, 5)",0.04849357805863595
"(8, 2, 6)",0.03424856382200202
"(8, 2, 7)",0.04444457174655141
"(8, 2, 8)",0.03929891186295324
"(8, 2, 9)",0.035880500233270406
"(8, 3, 1)",0.11531557608578591
"(8, 3, 2)",0.046606714107263594
"(8, 3, 3)",0.11531524652448634
"(8, 3, 4)",0.03550954978068389
"(8, 3, 5)",0.042322680880166295
"(8, 3, 6)",0.03441696369337998
"(8, 3, 7)",0.04112123623238129
"(8, 3, 8)",0.036193613323215246
"(8, 3, 9)",0.03894575505613054
"(8, 4, 1)",0.10749569750570978
"(8, 4, 2)",0.046801028707354635
"(8, 4, 3)",0.0347874160579169
"(8, 4, 4)",0.08767410618024243
"(8, 4, 5)",0.040819354979572196
"(8, 4, 6)",0.0395753252139268
"(8, 4, 7)",0.09136476404835907
"(8, 4, 8)",0.038627377214613304
"(8, 4, 9)",0.03788839891904396
"(8, 5, 1)",0.11531557608578591
"(8, 5, 2)",0.07822283253293974
"(8, 5, 3)",0.03921405910604985
"(8, 5, 4)",0.039788731880329026
"(8, 5, 5)",0.04127756212095372
"(8, 5, 6)",0.04132166714192943
"(8, 5, 7)",0.11531557608578591
"(8, 5, 8)",0.04045894986489456
"(8, 5, 9)",0.03644416449625162
"(8, 6, 1)",0.11531621994976404
"(8, 6, 2)",0.11531557608578591
"(8, 6, 3)",0.04129975793908831
"(8, 6, 4)",0.041345992018075414
"(8, 6, 5)",0.04223681830851908
"(8, 6, 6)",0.03941249188000889
"(8, 6, 7)",0.03644261966832515
"(8, 6, 8)",0.033692870490843706
"(8, 6, 9)",0.036368872445567094
"(8, 7, 1)",0.03511599001653045
"(8, 7, 2)",0.1153154084281584
"(8, 7, 3)",0.03352960545424398
"(8, 7, 4)",0.11531557608578591
"(8, 7, 5)",0.11531557608578591
"(8, 7, 6)",0.03766977404345892
"(8, 7, 7)",0.11531557608578591
"(8, 7, 8)",0.04023218080771218
"(8, 7, 9)",0.10554946263082599
"(8, 8, 1)",0.10476087321689273
"(8, 8, 2)",0.04754381967625754
"(8, 8, 3)",0.11512932605319125
"(8, 8, 4)",0.04497693243149647
"(8, 8, 5)",0.03861714955342564
"(8, 8, 6)",0.0957611585770459
"(8, 8, 7)",0.11531557608578591
"(8, 8, 8)",0.11207817061058943
"(8, 8, 9)",nan
"(8, 9, 1)",0.11531557608578591
"(8, 9, 2)",0.04301505540023444
"(8, 9, 3)",0.04063263104068685
"(8, 9, 4)",0.11531557608578591
"(8, 9, 5)",0.11531557608578591
"(8, 9, 6)",0.11531557608578591
"(8, 9, 7)",0.08360740153520804
"(8, 9, 8)",0.11531557608578591
"(8, 9, 9)",nan
"(9, 1, 1)",0.11531557608578591
"(9, 1, 2)",0.05405383610954628
"(9, 1, 3)",0.10596440605027209
"(9, 1, 4)",0.04063482838957122
"(9, 1, 5)",0.04056137750617893
"(9, 1, 6)",0.10548144959044682
"(9, 1, 7)",0.041670160579998825
"(9, 1, 8)",0.1152590455736702
"(9, 1, 9)",0.04651472430478753
"(9, 2, 1)",0.11531557608578591
"(9, 2, 2)",0.11531557608578591
"(9, 2, 3)",0.11531557608578591
"(9, 2, 4)",0.047433135282347945
"(9, 2, 5)",0.047356730499414995
"(9, 2, 6)",0.04418256967687036
"(9, 2, 7)",0.04421698205077989
"(9, 2, 8)",0.1153349486581978
"(9, 2, 9)",0.03889599128739547
"(9, 3, 1)",0.11531557608578591
"(9, 3, 2)",0.11531200483915563
"(9, 3, 3)",0.11531557608578591
"(9, 3, 4)",0.059615511680258436
"(9, 3, 5)",0.04051543467451394
"(9, 3, 6)",0.04188874007973034
"(9, 3, 7)",0.03928000794279837
"(9, 3, 8)",0.11304910032328397
"(9, 3, 9)",0.11531557608578591
"(9, 4, 1)",0.11531557608578591
"(9, 4, 2)",0.0377421707991977
"(9, 4, 3)",0.04656529318844546
"(9, 4, 4)",0.032587928618765374
"(9, 4, 5)",0.0823932917061741
"(9, 4, 6)",0.03461295149974209
"(9, 4, 7)",0.11504664952828009
"(9, 4, 8)",0.11528205891521828
"(9, 4, 9)",0.08555265660763182
"(9, 5, 1)",0.11531419273192663
"(9, 5, 2)",0.11531249338515771
"(9, 5, 3)",0.039328805186611145
"(9, 5, 4)",0.11531557608578591
"(9, 5, 5)",0.11531557608578591
"(9, 5, 6)",0.06431244521743579
"(9, 5, 7)",0.11531187955428042
"(9, 5, 8)",0.03718889203056995
"(9, 5, 9)",0.11531557608578591
"(9, 6, 1)",0.04584086358175087
"(9, 6, 2)",0.03464792519726661
"(9, 6, 3)",0.11531557608578591
"(9, 6, 4)",0.035383192634040155
"(9, 6, 5)",0.03411911188062088
"(9, 6, 6)",0.055680538731776426
"(9, 6, 7)",0.10520883366990466
"(9, 6, 8)",0.03244977011054702
"(9, 6, 9)",0.08929447950880441
"(9, 7, 1)",0.11531539384094294
"(9, 7, 2)",0.11531557608578591
"(9, 7, 3)",0.03278744487420207
"(9, 7, 4)",0.03474591456964462
"(9, 7, 5)",0.0343631095015254
"(9, 7, 6)",0.0362757763826696
"(9, 7, 7)",0.04598105751919603
"(9, 7, 8)",0.11531557608578591
"(9, 7, 9)",0.11531557608578591
"(9, 8, 1)",0.11531557608578591
"(9, 8, 2)",0.047097476746392156
"(9, 8, 3)",0.038861052739596946
"(9, 8, 4)",0.044130379653888684
"(9, 8, 5)",0.051471032212910744
"(9, 8, 6)",0.03388881261926789
"(9, 8, 7)",0.042772460406563594
"(9, 8, 8)",0.11531557608578591
"(9, 8, 9)",0.11531557608578591
"(9, 9, 1)",0.03686256117794767
"(9, 9, 2)",0.036840881897410326
"(9, 9, 3)",0.047801812413476405
"(9, 9, 4)",0.04317017281598625
"(9, 9, 5)",0.03703809045323724
"(9, 9, 6)",0.11531557608578591
"(9, 9, 7)",0.06649686792484236
"(9, 9, 8)",0.11531557608578591
"(9, 9, 9)",0.03791190512261081
