"(1, 1, 2, 5)",0.10258633842150612
"(1, 1, 1, 4)",0.10258633842150612
"(1, 1, 1, 8)",0.10258633842150612
"(1, 1, 2, 3)",0.10258633842150612
"(1, 1, 1, 6)",0.10258633842150612
"(1, 1, 1, 2)",0.10258633842150612
"(1, 1, 2, 6)",0.10258633842150612
"(1, 1, 1, 9)",0.10258633842150612
"(1, 1, 1, 1)",0.10258633842150612
"(1, 1, 2, 1)",0.10258633842150612
"(1, 1, 2, 2)",0.10258633842150612
"(1, 1, 1, 3)",0.10258633842150612
"(1, 1, 2, 4)",0.10258633842150612
"(1, 1, 1, 7)",0.10258633842150612
"(1, 1, 1, 5)",0.10258633842150612
"(1, 1, 2, 7)",0.10258633842150612
"(1, 1, 3, 3)",0.10258633842150612
"(1, 1, 3, 2)",0.10258633842150612
"(1, 1, 2, 9)",0.10258633842150612
"(1, 1, 3, 1)",0.10258633842150612
"(1, 1, 3, 7)",0.10258633842150612
"(1, 1, 3, 4)",0.10258633842150612
"(1, 1, 3, 5)",0.10258633842150612
"(1, 1, 2, 8)",0.10258633842150612
"(1, 1, 3, 9)",0.10258633842150612
"(1, 1, 4, 2)",0.10258633842150612
"(1, 1, 4, 1)",0.10258633842150612
"(1, 1, 3, 8)",0.10258633842150612
"(1, 1, 4, 4)",0.10258633842150612
"(1, 1, 3, 6)",0.10258633842150612
"(1, 1, 4, 3)",0.10258633842150612
"(1, 1, 4, 5)",0.10258633842150612
"(1, 1, 5, 7)",0.061372419582473504
"(1, 1, 5, 6)",0.10258419987186701
"(1, 1, 6, 6)",0.10101769439601771
"(1, 1, 5, 9)",0.1015172862177437
"(1, 1, 6, 9)",0.09995138842238818
"(1, 1, 6, 8)",0.09955452179904375
"(1, 1, 7, 6)",0.09375733236601086
"(1, 1, 7, 9)",0.10073733162392967
"(1, 1, 7, 5)",0.10131920757962
"(1, 1, 6, 7)",0.06067278148323712
"(1, 1, 8, 5)",0.02997594289318844
"(1, 1, 8, 4)",0.10258633842150612
"(1, 1, 8, 8)",0.03003225639418097
"(1, 1, 9, 2)",0.07594331696293505
"(1, 1, 9, 7)",0.08731157557896772
"(1, 2, 4, 8)",0.10168811575077577
"(1, 2, 5, 6)",0.10133628166897746
"(1, 2, 5, 8)",0.0986960210270098
"(1, 2, 6, 6)",0.09970050270113816
"(1, 2, 7, 3)",0.02782355799940042
"(1, 2, 6, 9)",0.09999894620955475
"(1, 2, 5, 3)",0.10108885555264331
"(1, 2, 7, 5)",0.030935598396327885
"(1, 2, 7, 8)",0.027928347024048283
"(1, 2, 4, 7)",0.09976597434873555
"(1, 2, 8, 3)",0.02746165658267948
"(1, 2, 7, 9)",0.08343995807761712
"(1, 2, 8, 7)",0.04883616301092395
"(1, 2, 9, 7)",0.0917127646048326
"(1, 2, 9, 3)",0.10245511844517168
"(1, 3, 3, 8)",0.10133499661511777
"(1, 3, 4, 3)",0.10139176781151898
"(1, 3, 5, 7)",0.10023938837105294
"(1, 3, 5, 6)",0.09954583536890599
"(1, 3, 6, 3)",0.026874475333383975
"(1, 3, 3, 5)",0.09332772020422211
"(1, 3, 5, 5)",0.10150440985396247
"(1, 3, 5, 2)",0.09974865324008747
"(1, 3, 3, 7)",0.10123155601941826
"(1, 3, 5, 9)",0.09911578173995796
"(1, 3, 6, 5)",0.03001427733688498
"(1, 3, 5, 8)",0.09946873229946887
"(1, 3, 6, 7)",0.08970900444141419
"(1, 3, 6, 8)",0.027735457195349582
"(1, 3, 6, 9)",0.08316815790231863
"(1, 3, 7, 3)",0.10243497597962134
"(1, 3, 7, 7)",0.0894362170330352
"(1, 3, 8, 7)",0.09168400350446684
"(1, 3, 9, 6)",0.025652756173025135
"(1, 4, 2, 5)",0.03315031129405596
"(1, 3, 9, 4)",0.035602582914136205
"(1, 4, 3, 7)",0.08180626793316428
"(1, 4, 3, 9)",0.10186149460015045
"(1, 4, 4, 5)",0.09843715638551426
"(1, 4, 4, 6)",0.10147663347725122
"(1, 4, 5, 1)",0.10258519100459451
"(1, 4, 5, 3)",0.029844465437919167
"(1, 4, 4, 2)",0.09980360071554178
"(1, 4, 5, 5)",0.031186224680877603
"(1, 4, 6, 7)",0.028515151952124604
"(1, 4, 8, 6)",0.02703040622530913
"(1, 5, 1, 3)",0.10256635187901161
"(1, 4, 9, 6)",0.0470383027509192
"(1, 5, 1, 9)",0.09950080813608851
"(1, 5, 2, 8)",0.10123225791796925
"(1, 5, 3, 7)",0.10181546431861083
"(1, 5, 1, 7)",0.10199538896760982
"(1, 5, 4, 3)",0.029054956379363776
"(1, 5, 4, 1)",0.1025851596307656
"(1, 5, 3, 9)",0.10192033304848118
"(1, 5, 4, 5)",0.031427016901931275
"(1, 5, 4, 4)",0.10258633842150612
"(1, 5, 5, 3)",0.10242329867647113
"(1, 5, 6, 1)",0.10157906531164287
"(1, 5, 5, 8)",0.03123133816327204
"(1, 5, 6, 2)",0.02921433639655526
"(1, 5, 9, 9)",0.08258340240885154
"(1, 5, 8, 6)",0.0905956646103683
"(1, 6, 4, 9)",0.027334076463249
"(1, 6, 5, 3)",0.10258633842150612
"(1, 6, 6, 4)",0.028015326093144822
"(1, 6, 4, 3)",0.028814492659305257
"(1, 6, 5, 7)",0.048313394860720074
"(1, 6, 8, 3)",0.10258628944145823
"(1, 6, 9, 2)",0.07545907923826412
"(1, 6, 9, 6)",0.02762690258732359
"(1, 6, 9, 9)",0.035848758075558956
"(1, 7, 2, 7)",0.02925516789631417
"(1, 7, 2, 3)",0.10253599163557132
"(1, 7, 3, 3)",0.10258589263588236
"(1, 7, 2, 8)",0.10148624112061935
"(1, 7, 3, 4)",0.10083932450914856
"(1, 7, 3, 5)",0.02899081723109906
"(1, 7, 3, 8)",0.027801868106720612
"(1, 7, 4, 7)",0.028644496700589574
"(1, 7, 4, 3)",0.10253931627508724
"(1, 7, 5, 8)",0.02997267924966359
"(1, 7, 7, 4)",0.027209755029820423
"(1, 7, 8, 2)",0.02613745936423875
"(1, 7, 8, 9)",0.038151750942036655
"(1, 8, 1, 5)",0.029261743853329324
"(1, 8, 1, 8)",0.08832257153303213
"(1, 8, 2, 6)",0.03194879898873801
"(1, 8, 3, 7)",0.10167015634513844
"(1, 8, 3, 9)",0.08011831023606075
"(1, 8, 3, 3)",0.10258633842150612
"(1, 8, 3, 8)",0.09997272441521386
"(1, 8, 3, 6)",0.07602831538310217
"(1, 8, 5, 5)",0.03020530021224453
"(1, 8, 5, 3)",0.03542421393224733
"(1, 8, 5, 7)",0.02722800012538509
"(1, 8, 6, 6)",0.03005640307765811
"(1, 8, 7, 8)",0.02851399359220737
"(1, 8, 8, 8)",0.030355023321979417
"(1, 8, 9, 9)",0.03113227753562574
"(1, 9, 5, 3)",0.1025716981821113
"(1, 9, 5, 6)",0.02903273958168766
"(1, 9, 4, 3)",0.10249426051554658
"(1, 9, 8, 6)",0.10258601722176906
"(1, 9, 9, 6)",0.02661505142027582
"(1, 9, 9, 8)",0.08585050790074936
"(2, 1, 2, 3)",0.10256992339057616
"(2, 1, 2, 5)",0.03915286412745024
"(2, 1, 2, 7)",0.10253696802105741
"(2, 1, 3, 7)",0.03605361967576631
"(2, 1, 2, 6)",0.10258084446815008
"(2, 1, 3, 9)",0.040759029553497576
"(2, 1, 3, 3)",0.0367302558054723
"(2, 1, 4, 1)",0.10300352694089016
"(2, 1, 4, 5)",0.1020921254121094
"(2, 1, 4, 8)",0.02994025583234613
"(2, 1, 4, 6)",0.0323013000426564
"(2, 1, 5, 6)",0.02953659769379554
"(2, 1, 5, 7)",0.034388927351886915
"(2, 1, 5, 8)",0.03624381942586875
"(2, 1, 6, 9)",0.03140161012831304
"(2, 1, 6, 3)",0.021784522022737778
"(2, 1, 6, 5)",0.03290458989150951
"(2, 1, 7, 3)",0.0324822279107844
"(2, 1, 6, 8)",0.02304781350642304
"(2, 1, 8, 3)",0.027863909719730073
"(2, 1, 8, 4)",0.037051278867075314
"(2, 1, 7, 7)",0.027761052125468855
"(2, 1, 7, 8)",0.02995163166499822
"(2, 1, 8, 9)",0.043608065828632435
"(2, 1, 9, 6)",0.030657417749068955
"(2, 1, 9, 8)",0.03184322068833076
"(2, 2, 2, 4)",0.02842319199835488
"(2, 2, 2, 3)",0.031224170648248385
"(2, 2, 2, 8)",0.01928045209690839
"(2, 2, 2, 7)",0.022177633157005598
"(2, 2, 2, 2)",0.028936427278746825
"(2, 2, 3, 2)",0.028185852826991455
"(2, 2, 3, 7)",0.02252152631097074
"(2, 2, 3, 8)",0.023049206906771428
"(2, 2, 4, 4)",0.030604724448938248
"(2, 2, 3, 9)",0.025720240083437537
"(2, 2, 4, 8)",0.024879361959872743
"(2, 2, 4, 9)",0.02521228139954905
"(2, 2, 4, 7)",0.02375908622478731
"(2, 2, 5, 2)",0.031137601742546903
"(2, 2, 4, 6)",0.023888535780793026
"(2, 2, 5, 3)",0.03481081444272417
"(2, 2, 5, 7)",0.0278832980311957
"(2, 2, 5, 6)",0.02957034656758609
"(2, 2, 5, 5)",0.02786931985271269
"(2, 2, 6, 3)",0.03160833639634775
"(2, 2, 6, 5)",0.028310133354914748
"(2, 2, 5, 9)",0.024415205288934594
"(2, 2, 6, 7)",0.02416067056866122
"(2, 2, 6, 4)",0.02928297508469168
"(2, 2, 7, 4)",0.02768134158156743
"(2, 2, 7, 7)",0.024324556901239445
"(2, 2, 7, 5)",0.022639285595214453
"(2, 2, 8, 3)",0.03132956382661402
"(2, 2, 8, 9)",0.022248382320032453
"(2, 2, 7, 9)",0.03225387449737416
"(2, 2, 9, 3)",0.03347721699447325
"(2, 2, 9, 4)",0.10243556840639002
"(2, 3, 1, 2)",0.10257737426337582
"(2, 3, 1, 5)",0.10258049533600437
"(2, 3, 2, 6)",0.030040813246034703
"(2, 3, 1, 6)",0.10238237541737316
"(2, 3, 2, 2)",0.03524342798181326
"(2, 3, 1, 8)",0.10081084407417265
"(2, 3, 2, 8)",0.026000345856821223
"(2, 3, 3, 6)",0.023169180476561878
"(2, 3, 4, 7)",0.025498579744169587
"(2, 3, 4, 4)",0.02725814561824722
"(2, 3, 5, 4)",0.10258633842150612
"(2, 3, 5, 8)",0.03276118018496258
"(2, 3, 4, 6)",0.03683038102607167
"(2, 3, 5, 7)",0.03132389799725152
"(2, 3, 5, 5)",0.023436417470116017
"(2, 3, 6, 3)",0.10258624810253705
"(2, 3, 6, 7)",0.023903425464565593
"(2, 3, 6, 5)",0.12704032084132044
"(2, 3, 6, 9)",0.12922158308813347
"(2, 3, 7, 1)",0.10257566120649542
"(2, 3, 7, 5)",0.09504991272018823
"(2, 3, 7, 4)",0.10254787827504538
"(2, 3, 7, 9)",0.02577763365475253
"(2, 3, 7, 7)",0.024870485616965254
"(2, 3, 8, 2)",0.10252016064128397
"(2, 3, 8, 4)",0.03592718752715557
"(2, 3, 9, 4)",0.025926442603337107
"(2, 3, 9, 2)",0.03616557829720875
"(2, 3, 9, 7)",0.021723565793478138
"(2, 3, 9, 5)",0.02626146756140884
"(2, 3, 9, 8)",0.023494026492397537
"(2, 3, 9, 9)",0.01822328030250641
"(2, 4, 2, 7)",0.0215424545144939
"(2, 4, 3, 7)",0.02301310310174685
"(2, 4, 3, 6)",0.03337758339883851
"(2, 4, 3, 8)",0.021067850563276935
"(2, 4, 2, 6)",0.021958766875576137
"(2, 4, 3, 4)",0.026294414799730558
"(2, 4, 4, 9)",0.025136083213297238
"(2, 4, 5, 7)",0.023207718675436844
"(2, 4, 6, 4)",0.02393002532780074
"(2, 4, 6, 9)",0.02386984907351993
"(2, 4, 7, 4)",0.023663013047405673
"(2, 4, 8, 4)",0.027357705353416504
"(2, 4, 8, 2)",0.025675412272306432
"(2, 5, 1, 1)",0.034130280645511005
"(2, 5, 1, 7)",0.027724605675322346
"(2, 5, 1, 8)",0.030146122378866123
"(2, 5, 2, 4)",0.020937651835773462
"(2, 5, 2, 6)",0.10255116572133251
"(2, 5, 2, 5)",0.024067829343820218
"(2, 5, 2, 3)",0.02133898296184061
"(2, 5, 3, 3)",0.032815387300894186
"(2, 5, 3, 5)",0.03145913426804221
"(2, 5, 3, 9)",0.027774358593199537
"(2, 5, 2, 9)",0.02531909517287411
"(2, 5, 4, 4)",0.03726665401470958
"(2, 5, 4, 1)",0.02952079922286998
"(2, 5, 4, 3)",0.030483920387273752
"(2, 5, 4, 6)",0.03112429082719773
"(2, 5, 4, 8)",0.049032069534340396
"(2, 5, 5, 6)",0.1435725657945762
"(2, 5, 5, 4)",0.03393643416605398
"(2, 5, 4, 7)",0.03753960575010564
"(2, 5, 5, 5)",0.020968864587382553
"(2, 5, 4, 9)",0.13610639690442716
"(2, 5, 5, 7)",0.017634046121950294
"(2, 5, 5, 8)",0.02239169304307819
"(2, 5, 5, 9)",0.024421535177839217
"(2, 5, 6, 1)",0.030292495333949745
"(2, 5, 6, 4)",0.023958413451171574
"(2, 5, 6, 9)",0.02224451631032267
"(2, 5, 7, 3)",0.022618502995206066
"(2, 5, 7, 1)",0.037685128524241
"(2, 5, 7, 6)",0.02117209077939895
"(2, 5, 7, 9)",0.023557027409302704
"(2, 5, 8, 2)",0.05231013141436466
"(2, 5, 8, 5)",0.02514470810660356
"(2, 5, 8, 4)",0.022940262679106146
"(2, 5, 9, 2)",0.029145039822834003
"(2, 5, 9, 5)",0.01766792339394421
"(2, 5, 9, 7)",0.02637156208040998
"(2, 5, 9, 3)",0.028566284522981544
"(2, 5, 9, 4)",0.024659611252313203
"(2, 5, 9, 8)",0.024236975102705696
"(2, 6, 2, 4)",0.024529010133957866
"(2, 6, 2, 8)",0.029884278719412974
"(2, 6, 2, 5)",0.02584319944446366
"(2, 6, 3, 3)",0.02454925341500716
"(2, 6, 3, 9)",0.026107976932086788
"(2, 6, 3, 4)",0.023515899813742393
"(2, 6, 4, 5)",0.023164202889320216
"(2, 6, 2, 6)",0.10258537812649075
"(2, 6, 4, 8)",0.024149223236195356
"(2, 6, 3, 7)",0.022491896737111234
"(2, 6, 4, 6)",0.017401599350599557
"(2, 6, 5, 4)",0.03424386168345221
"(2, 6, 5, 5)",0.10257019661930761
"(2, 6, 5, 3)",0.022166014209406525
"(2, 6, 5, 7)",0.022719270913169384
"(2, 6, 5, 8)",0.03676819002284458
"(2, 6, 5, 9)",0.023602364924566365
"(2, 6, 6, 1)",0.10258349983725312
"(2, 6, 6, 3)",0.028470430949841145
"(2, 6, 6, 4)",0.10258235810538772
"(2, 6, 8, 8)",0.03264176615598437
"(2, 6, 9, 5)",0.018624171238241234
"(2, 6, 9, 2)",0.02534543285187966
"(2, 6, 9, 8)",0.025936410400569113
"(2, 6, 8, 3)",0.03001935003018048
"(2, 7, 1, 7)",0.10078063943085717
"(2, 7, 1, 3)",0.10238090127044791
"(2, 7, 1, 6)",0.10103930101931988
"(2, 7, 1, 8)",0.10182008714634083
"(2, 7, 3, 2)",0.10258151366537895
"(2, 7, 3, 3)",0.02746566293955022
"(2, 7, 3, 7)",0.022304157287214875
"(2, 7, 3, 9)",0.03976513839880076
"(2, 7, 4, 1)",0.1025863384016968
"(2, 7, 3, 8)",0.020138004988776357
"(2, 7, 3, 6)",0.021450862147116185
"(2, 7, 4, 5)",0.023396408485597448
"(2, 7, 4, 4)",0.10254042511375597
"(2, 7, 4, 7)",0.020421778422338582
"(2, 7, 4, 8)",0.022614191195990865
"(2, 7, 4, 9)",0.025037984679842158
"(2, 7, 5, 3)",0.023083576990754355
"(2, 7, 6, 6)",0.10258633842150612
"(2, 7, 6, 4)",0.0227898245797643
"(2, 7, 7, 5)",0.024041804554888312
"(2, 7, 8, 3)",0.10258620535701171
"(2, 7, 7, 9)",0.02122835711103675
"(2, 7, 9, 2)",0.02890886998738556
"(2, 7, 9, 3)",0.024233415272448582
"(2, 7, 9, 8)",0.024873747380734994
"(2, 7, 9, 6)",0.02626062915939753
"(2, 8, 1, 5)",0.03178992232183164
"(2, 8, 1, 3)",0.03175450083528877
"(2, 8, 1, 6)",0.025640893987588037
"(2, 8, 1, 2)",0.03547421368215552
"(2, 8, 1, 4)",0.039679592095144205
"(2, 8, 2, 3)",0.02886167257061423
"(2, 8, 3, 8)",0.027331960727546976
"(2, 8, 4, 1)",0.027193307946795565
"(2, 8, 3, 7)",0.02931891902370296
"(2, 8, 4, 4)",0.02961164584819567
"(2, 8, 4, 9)",0.029415412219426694
"(2, 8, 5, 2)",0.031329262619407765
"(2, 8, 5, 3)",0.02734154005734479
"(2, 8, 4, 8)",0.024412315926517023
"(2, 8, 5, 5)",0.030721720398007767
"(2, 8, 4, 6)",0.023163075292753188
"(2, 8, 5, 8)",0.025749725723761153
"(2, 8, 6, 9)",0.02329380110875259
"(2, 8, 7, 6)",0.025772239163393076
"(2, 8, 7, 5)",0.02247366270507453
"(2, 8, 7, 7)",0.027352761555095223
"(2, 8, 7, 8)",0.025987665441510804
"(2, 8, 8, 2)",0.03462842945711821
"(2, 8, 7, 9)",0.027691115017466364
"(2, 8, 8, 1)",0.03267715071980768
"(2, 8, 8, 5)",0.0204498282883681
"(2, 8, 8, 8)",0.02571082903336839
"(2, 8, 8, 9)",0.02611168795755521
"(2, 8, 9, 4)",0.02757506334882883
"(2, 8, 9, 2)",0.03000075520124434
"(2, 8, 9, 3)",0.03404823457470216
"(2, 8, 8, 7)",0.024394360836913445
"(2, 8, 9, 7)",0.028632096035750485
"(2, 8, 9, 9)",0.02689974005249675
"(2, 9, 3, 4)",0.02820058817391526
"(2, 9, 3, 5)",0.034785833942472005
"(2, 9, 4, 2)",0.03482129315928868
"(2, 9, 5, 2)",0.030368058925388703
"(2, 9, 3, 7)",0.02870446310234851
"(2, 9, 5, 5)",0.030134209834934485
"(2, 9, 5, 4)",0.029575106551944983
"(2, 9, 5, 7)",0.033337087231237836
"(2, 9, 4, 6)",0.027132921809659535
"(2, 9, 7, 2)",0.027436408008619656
"(2, 9, 7, 4)",0.0232299964269785
"(2, 9, 5, 6)",0.029123998637831074
"(2, 9, 7, 3)",0.021232960439676953
"(2, 9, 6, 2)",0.02944082184724335
"(2, 9, 6, 8)",0.03594954511257764
"(2, 9, 7, 5)",0.03127002214012235
"(2, 9, 8, 4)",0.02939088763136928
"(2, 9, 7, 9)",0.02451618486850211
"(2, 9, 8, 3)",0.028807128016784752
"(2, 9, 8, 8)",0.023271123463147407
"(2, 9, 8, 5)",0.01921775109041276
"(2, 9, 9, 2)",0.10258633842150612
"(2, 9, 9, 7)",0.02472866515146244
"(3, 1, 1, 1)",0.10249730961141146
"(3, 1, 1, 7)",0.10308835387536776
"(3, 1, 1, 8)",0.13150663008388014
"(3, 1, 5, 4)",0.10217443068258761
"(3, 1, 7, 3)",0.03647093043950084
"(3, 1, 8, 5)",0.059199663147457775
"(3, 1, 8, 2)",0.10231302092014721
"(3, 1, 7, 6)",0.048456351027906915
"(3, 1, 8, 8)",0.13599313756218218
"(3, 1, 8, 9)",0.08413300063557273
"(3, 1, 8, 3)",0.10235537567734328
"(3, 1, 9, 3)",0.05633952797813808
"(3, 2, 6, 2)",0.034049622837551655
"(3, 2, 6, 8)",0.066854783517735
"(3, 2, 6, 7)",0.036515063098963255
"(3, 2, 6, 9)",0.04243431609618789
"(3, 2, 6, 5)",0.06826298916961862
"(3, 2, 7, 4)",0.05093900900993758
"(3, 2, 8, 8)",0.04107541518422894
"(3, 2, 9, 3)",0.0553982320374803
"(3, 2, 9, 4)",0.09587033543651483
"(3, 2, 7, 7)",0.07380687889340662
"(3, 2, 9, 5)",0.028136445058187864
"(3, 2, 8, 7)",0.040454720087517965
"(3, 3, 3, 3)",0.03290216452789762
"(3, 3, 4, 5)",0.03108896137340497
"(3, 3, 5, 7)",0.04052429594826858
"(3, 3, 4, 8)",0.034887983419873855
"(3, 3, 5, 6)",0.06192768135342321
"(3, 3, 6, 5)",0.08477356017588493
"(3, 3, 7, 4)",0.052916850001008486
"(3, 3, 8, 5)",0.09043270077520316
"(3, 4, 2, 4)",0.04762640978556101
"(3, 4, 3, 8)",0.03620648771032196
"(3, 4, 3, 5)",0.040410980588050135
"(3, 4, 3, 9)",0.03838131821794
"(3, 4, 5, 4)",0.0728086648706431
"(3, 4, 6, 1)",0.08521549652019897
"(3, 4, 6, 6)",0.01970976807737822
"(3, 4, 6, 5)",0.030991059251980112
"(3, 4, 7, 3)",0.07572096515696647
"(3, 4, 7, 8)",0.030372880527912424
"(3, 4, 8, 7)",0.03713181947729717
"(3, 4, 8, 6)",0.07209730590827743
"(3, 4, 8, 2)",0.034815933793769696
"(3, 4, 8, 3)",0.1429896008782124
"(3, 4, 9, 8)",0.038696732585001496
"(3, 4, 9, 9)",0.032699032375593316
"(3, 5, 1, 8)",0.021745734638827473
"(3, 5, 2, 3)",0.10258537149717051
"(3, 5, 2, 6)",0.08075359336561394
"(3, 5, 3, 7)",0.0255299872517839
"(3, 5, 3, 8)",0.03279597883817989
"(3, 5, 3, 6)",0.027086105322157092
"(3, 5, 5, 1)",0.1025813528491625
"(3, 5, 3, 3)",0.029561052312164465
"(3, 5, 5, 4)",0.0304836356477515
"(3, 5, 5, 6)",0.02581666629022752
"(3, 5, 6, 1)",0.030155663833864272
"(3, 5, 5, 9)",0.03249203419720416
"(3, 5, 5, 8)",0.019895746025610013
"(3, 5, 6, 7)",0.018876324044108817
"(3, 5, 6, 9)",0.02730943653432804
"(3, 5, 6, 6)",0.03228424297737019
"(3, 5, 6, 5)",0.022757492387591255
"(3, 5, 7, 3)",0.03188314027687879
"(3, 5, 7, 5)",0.021556419990055472
"(3, 5, 7, 4)",0.029112178322246926
"(3, 5, 7, 6)",0.027095587245790427
"(3, 5, 8, 3)",0.08231921110110771
"(3, 5, 9, 2)",0.09849375955928619
"(3, 5, 9, 3)",0.10258349158204128
"(3, 6, 2, 5)",0.02501814408856847
"(3, 6, 3, 3)",0.037860834620645004
"(3, 6, 3, 8)",0.13894839657318955
"(3, 6, 4, 2)",0.1025380784550077
"(3, 6, 4, 6)",0.030018223852050815
"(3, 6, 5, 4)",0.13543900059739702
"(3, 6, 7, 5)",0.10898892216555264
"(3, 6, 8, 3)",0.034846704334392256
"(3, 6, 7, 8)",0.13298029705961656
"(3, 6, 8, 6)",0.03925521130649035
"(3, 6, 9, 7)",0.040401878513853545
"(3, 7, 2, 7)",0.032471550502359184
"(3, 7, 3, 4)",0.02869284113629494
"(3, 7, 3, 5)",0.029921261126382333
"(3, 7, 3, 8)",0.04467773812278008
"(3, 7, 3, 9)",0.03212358766717323
"(3, 7, 5, 1)",0.10258518391385704
"(3, 7, 4, 7)",0.03927102094602444
"(3, 7, 4, 3)",0.03432009223182101
"(3, 7, 5, 3)",0.030203560719160385
"(3, 7, 5, 8)",0.04565834013650066
"(3, 7, 6, 8)",0.04714285740756753
"(3, 7, 6, 5)",0.07375809049107453
"(3, 7, 8, 9)",0.04359785800425849
"(3, 8, 1, 2)",0.043997165438644834
"(3, 8, 2, 1)",0.03196886496352859
"(3, 8, 2, 8)",0.019613901405410968
"(3, 8, 3, 1)",0.02175451770794021
"(3, 8, 2, 3)",0.023049211730511037
"(3, 8, 2, 7)",0.01946397220976281
"(3, 8, 3, 4)",0.06638455802081147
"(3, 8, 3, 7)",0.03926398586068078
"(3, 8, 4, 5)",0.13620893272612447
"(3, 8, 4, 4)",0.0301255215007502
"(3, 8, 6, 4)",0.020426921517596702
"(3, 8, 6, 3)",0.02054722476898253
"(3, 8, 6, 7)",0.021468548358389444
"(3, 8, 6, 5)",0.06979248373380532
"(3, 8, 6, 6)",0.020109325218323613
"(3, 8, 8, 3)",0.10279201335986246
"(3, 8, 8, 4)",0.05789687298908406
"(3, 8, 8, 7)",0.020826879676842647
"(3, 8, 8, 9)",0.019646359969266017
"(3, 8, 9, 6)",0.03279873110123782
"(3, 8, 9, 7)",0.019353149145016842
"(3, 9, 2, 4)",0.028613115423217733
"(3, 9, 3, 4)",0.10199807684483841
"(3, 9, 3, 6)",0.037081734452510576
"(3, 9, 4, 2)",0.028839371606876295
"(3, 9, 4, 4)",0.03473411508248363
"(3, 9, 6, 5)",0.03191435750756762
"(3, 9, 6, 7)",0.020133618219156293
"(3, 9, 5, 4)",0.026641064171656827
"(3, 9, 7, 3)",0.0531167532269559
"(3, 9, 7, 1)",0.10258624286349766
"(3, 9, 6, 6)",0.027670996548306483
"(3, 9, 7, 2)",0.046111463534658184
"(3, 9, 8, 3)",0.025666036101029164
"(3, 9, 8, 6)",0.03082130550525567
"(3, 9, 9, 5)",0.07520419237673569
"(4, 1, 2, 5)",0.03193448732297333
"(4, 1, 3, 5)",0.028344395340185177
"(4, 1, 3, 3)",0.10258633842150612
"(4, 1, 5, 8)",0.023587772148194897
"(4, 1, 8, 6)",0.028689684338367175
"(4, 2, 3, 3)",0.03741576663994149
"(4, 2, 4, 1)",0.1346304798997734
"(4, 2, 4, 3)",0.03189682930402021
"(4, 2, 4, 4)",0.03947913483058174
"(4, 2, 3, 4)",0.04188171912743987
"(4, 2, 4, 5)",0.04659722265499295
"(4, 2, 5, 6)",0.026701868224872867
"(4, 2, 3, 8)",0.026543501755297353
"(4, 2, 4, 7)",0.030067843860599398
"(4, 2, 6, 3)",0.10258833780378224
"(4, 2, 6, 6)",0.02996582855563922
"(4, 2, 7, 4)",0.030595953065037186
"(4, 2, 7, 9)",0.023071168996063367
"(4, 2, 8, 2)",0.023321133676628383
"(4, 2, 9, 6)",0.03468189305813631
"(4, 2, 9, 9)",0.025562143236344807
"(4, 3, 2, 5)",0.03163661959753561
"(4, 3, 3, 6)",0.02692777242219522
"(4, 3, 4, 5)",0.02887960577822382
"(4, 3, 3, 8)",0.028959683624903476
"(4, 3, 4, 2)",0.025391485764724792
"(4, 3, 4, 1)",0.033340800092751866
"(4, 3, 5, 3)",0.026601789429613075
"(4, 3, 5, 4)",0.029738931875447107
"(4, 3, 7, 9)",0.028633288699615133
"(4, 3, 8, 3)",0.023760333542219916
"(4, 3, 8, 5)",0.022398130473313706
"(4, 3, 9, 1)",0.02602528852029888
"(4, 3, 9, 5)",0.021554685519829447
"(4, 4, 2, 4)",0.025278434837596994
"(4, 4, 3, 3)",0.04402507148568193
"(4, 4, 3, 2)",0.1023942586063452
"(4, 4, 2, 8)",0.02258269929845276
"(4, 4, 3, 9)",0.02376344748011037
"(4, 4, 2, 5)",0.031297502318098844
"(4, 4, 4, 4)",0.035253155573525916
"(4, 4, 3, 4)",0.026209324176847928
"(4, 4, 4, 2)",0.030399687352726756
"(4, 4, 4, 6)",0.026868234298765167
"(4, 4, 4, 9)",0.02372323490115501
"(4, 4, 4, 8)",0.02986972770201826
"(4, 4, 5, 4)",0.028586610976239935
"(4, 4, 5, 9)",0.020959962540483285
"(4, 4, 6, 3)",0.02668507835146797
"(4, 4, 6, 7)",0.03560678243314401
"(4, 4, 7, 3)",0.027613305673386202
"(4, 4, 7, 5)",0.09811514715839914
"(4, 4, 7, 4)",0.0373032374345337
"(4, 4, 7, 9)",0.024864334941947473
"(4, 4, 8, 3)",0.10257482933859018
"(4, 4, 9, 2)",0.10258631329968759
"(4, 4, 9, 4)",0.03730253276390372
"(4, 4, 9, 5)",0.026941404426260796
"(4, 4, 9, 3)",0.028680077781654066
"(4, 5, 1, 3)",0.03700018275838056
"(4, 4, 9, 7)",0.046279236369437246
"(4, 4, 9, 9)",0.02877205072017422
"(4, 5, 1, 8)",0.03486384562394576
"(4, 5, 1, 7)",0.02903751506149721
"(4, 5, 2, 2)",0.02900867595000468
"(4, 5, 1, 9)",0.024576041454142127
"(4, 5, 2, 8)",0.028150069411603276
"(4, 5, 2, 7)",0.027998496896673542
"(4, 5, 3, 2)",0.04202559380586295
"(4, 5, 4, 5)",0.029129603511942333
"(4, 5, 4, 6)",0.023087445266405774
"(4, 5, 4, 8)",0.04581257567993894
"(4, 5, 4, 4)",0.03763050556561186
"(4, 5, 4, 9)",0.03235895934110476
"(4, 5, 5, 1)",0.04461623388771953
"(4, 5, 5, 8)",0.02635699574308032
"(4, 5, 6, 5)",0.024423307806393582
"(4, 5, 8, 8)",0.029210973364444767
"(4, 5, 9, 3)",0.025057163752868723
"(4, 5, 8, 9)",0.023577708047932036
"(4, 6, 1, 3)",0.10236912920402548
"(4, 6, 1, 9)",0.04500688967677878
"(4, 6, 2, 6)",0.03176012030977296
"(4, 6, 3, 2)",0.102459508006285
"(4, 6, 2, 8)",0.02879348951312193
"(4, 6, 3, 4)",0.030374108797177453
"(4, 6, 4, 5)",0.04597047039084777
"(4, 6, 5, 5)",0.04322455801796372
"(4, 6, 6, 5)",0.10255921215502398
"(4, 6, 6, 2)",0.10258633842150612
"(4, 6, 6, 3)",0.031032143885884034
"(4, 6, 5, 9)",0.13358826534334683
"(4, 6, 8, 6)",0.02920126958262399
"(4, 6, 8, 4)",0.03078108677631361
"(4, 7, 1, 4)",0.028834082134251468
"(4, 7, 1, 5)",0.030312079419817558
"(4, 7, 2, 7)",0.017830163571779977
"(4, 7, 3, 5)",0.029404372941904514
"(4, 7, 2, 9)",0.022688322545159754
"(4, 7, 3, 8)",0.03041961533465643
"(4, 7, 3, 9)",0.03681865016178927
"(4, 7, 4, 6)",0.023090899727458758
"(4, 7, 4, 4)",0.018559389557414156
"(4, 7, 6, 3)",0.030130347894152896
"(4, 7, 5, 2)",0.031564730994464316
"(4, 7, 7, 3)",0.027411802170598618
"(4, 7, 8, 1)",0.022651054748283436
"(4, 7, 7, 4)",0.03114702547308816
"(4, 8, 1, 7)",0.032480277777460535
"(4, 8, 2, 1)",0.04853591068754062
"(4, 8, 2, 4)",0.05411115183910817
"(4, 8, 2, 6)",0.053254167991456894
"(4, 8, 3, 3)",0.039456842208568085
"(4, 8, 3, 1)",0.03929176807279346
"(4, 8, 3, 4)",0.054424055329406355
"(4, 8, 4, 2)",0.10251190486727889
"(4, 8, 3, 9)",0.05230888138918199
"(4, 8, 4, 7)",0.040812714877896866
"(4, 8, 6, 4)",0.029761991750609673
"(4, 8, 7, 1)",0.03953395878474034
"(4, 8, 7, 5)",0.026116953877544327
"(4, 8, 8, 2)",0.030532091705609467
"(4, 9, 2, 2)",0.06209984396992549
"(4, 8, 9, 1)",0.10258613999059964
"(4, 8, 9, 7)",0.03069239456956974
"(4, 9, 2, 7)",0.0336923982923691
"(4, 9, 1, 8)",0.028032107159952715
"(4, 9, 2, 5)",0.03397268441719733
"(4, 9, 2, 6)",0.10252584581387184
"(4, 9, 3, 9)",0.03463948716387076
"(4, 9, 3, 4)",0.034014356026047576
"(4, 9, 4, 7)",0.023710714317260122
"(4, 9, 5, 3)",0.023571851652197186
"(4, 9, 4, 6)",0.10254081286584926
"(4, 9, 5, 2)",0.028698959192867884
"(4, 9, 6, 1)",0.10258349538156158
"(4, 9, 6, 2)",0.025860742585195926
"(4, 9, 6, 9)",0.027199716683404606
"(4, 9, 6, 7)",0.023794388760815577
"(4, 9, 6, 4)",0.02912866292708642
"(4, 9, 6, 8)",0.03229846703478101
"(4, 9, 8, 5)",0.04781777612251432
"(4, 9, 9, 8)",0.022997563639204008
"(5, 1, 7, 2)",0.10258633683202209
"(5, 2, 2, 3)",0.018437256941121156
"(5, 2, 2, 2)",0.026694317959124567
"(5, 1, 9, 7)",0.026078492218422067
"(5, 2, 3, 9)",0.023055757019409852
"(5, 2, 3, 4)",0.01883983359862931
"(5, 2, 4, 3)",0.022293875488671285
"(5, 2, 2, 1)",0.01836621092611858
"(5, 2, 3, 5)",0.023504765845419856
"(5, 2, 4, 2)",0.018743871176778802
"(5, 2, 5, 2)",0.022060263985401896
"(5, 2, 5, 3)",0.02270654135716386
"(5, 2, 4, 6)",0.022592033415342407
"(5, 2, 4, 9)",0.019833943818747382
"(5, 2, 5, 6)",0.01952819927460938
"(5, 2, 6, 6)",0.018818809538712095
"(5, 2, 6, 5)",0.02288914489835597
"(5, 2, 7, 2)",0.026612359798473047
"(5, 2, 6, 7)",0.024694176845974167
"(5, 2, 7, 1)",0.019709201331334573
"(5, 2, 7, 9)",0.024386427940444877
"(5, 2, 8, 4)",0.024893267187918337
"(5, 2, 8, 7)",0.027941052304837618
"(5, 2, 8, 8)",0.018069359525164523
"(5, 2, 9, 1)",0.01806688060310977
"(5, 2, 9, 5)",0.016085931089265745
"(5, 3, 1, 3)",0.10242709055349719
"(5, 2, 9, 3)",0.022711634509859465
"(5, 3, 1, 7)",0.022677953166338246
"(5, 3, 1, 9)",0.10250346426338691
"(5, 3, 1, 8)",0.027430237209465098
"(5, 3, 2, 3)",0.10259145473905874
"(5, 3, 2, 4)",0.10258845975790748
"(5, 3, 2, 7)",0.042585945714570375
"(5, 3, 3, 6)",0.03243297974697547
"(5, 3, 3, 9)",0.04829941663393126
"(5, 3, 6, 3)",0.02971017050470755
"(5, 3, 6, 4)",0.02684432710016566
"(5, 3, 6, 9)",0.02512419069628971
"(5, 3, 7, 8)",0.018349739840980574
"(5, 3, 8, 2)",0.040319514021215176
"(5, 3, 8, 4)",0.021629151824215407
"(5, 3, 8, 1)",0.1025862528138731
"(5, 3, 8, 3)",0.02662036214063755
"(5, 3, 8, 6)",0.0198584633702145
"(5, 3, 8, 5)",0.019271346079643915
"(5, 3, 8, 9)",0.028250166697971806
"(5, 4, 1, 5)",0.03469041008288237
"(5, 4, 1, 3)",0.0234818103981209
"(5, 3, 9, 9)",0.029702529885174307
"(5, 4, 1, 4)",0.02954669047413453
"(5, 3, 9, 6)",0.04818727049123487
"(5, 4, 2, 1)",0.01943371087539479
"(5, 4, 2, 4)",0.01822117340491426
"(5, 4, 2, 9)",0.018845332411377792
"(5, 4, 2, 8)",0.02674790145077052
"(5, 4, 3, 2)",0.026787919459280524
"(5, 4, 3, 9)",0.024004209740348625
"(5, 4, 4, 9)",0.018287279497099882
"(5, 4, 4, 5)",0.02098295543080912
"(5, 4, 5, 3)",0.0168741826483581
"(5, 4, 5, 7)",0.02385958569018252
"(5, 4, 5, 9)",0.022975661975201407
"(5, 4, 6, 5)",0.01646828333921146
"(5, 4, 7, 1)",0.02131063553478383
"(5, 4, 6, 8)",0.021816288411643018
"(5, 4, 6, 6)",0.023936785166693456
"(5, 4, 7, 2)",0.030033766958321308
"(5, 4, 7, 5)",0.023037573715635126
"(5, 4, 7, 6)",0.021587633456370194
"(5, 4, 7, 3)",0.019719597987653482
"(5, 4, 5, 8)",0.024998110402956384
"(5, 4, 7, 7)",0.026015679965837635
"(5, 4, 8, 4)",0.02366103945620231
"(5, 4, 8, 2)",0.019426334945561907
"(5, 4, 8, 7)",0.01826876969488514
"(5, 4, 8, 8)",0.0175483825435441
"(5, 4, 8, 6)",0.0247265790076639
"(5, 4, 8, 9)",0.018849644084939186
"(5, 4, 9, 4)",0.017645741374859816
"(5, 4, 9, 7)",0.029179291540672166
"(5, 4, 8, 5)",0.023969601905643068
"(5, 4, 9, 6)",0.023032416181591717
"(5, 4, 9, 9)",0.018732154666771778
"(5, 5, 1, 1)",0.017044925484520836
"(5, 4, 9, 8)",0.026781179497874733
"(5, 5, 1, 5)",0.018239776649425294
"(5, 4, 9, 5)",0.028401281744387417
"(5, 5, 1, 6)",0.017292796507135267
"(5, 5, 2, 4)",0.022848236068140817
"(5, 5, 2, 6)",0.024908337440896024
"(5, 5, 2, 1)",0.05489981858487394
"(5, 5, 2, 8)",0.03179426809884793
"(5, 5, 2, 9)",0.021419288916951662
"(5, 5, 2, 5)",0.02055771899588519
"(5, 5, 3, 4)",0.024106134905871844
"(5, 5, 3, 5)",0.01931515754758114
"(5, 5, 3, 2)",0.028978237621273308
"(5, 5, 3, 7)",0.02626014989103284
"(5, 5, 4, 4)",0.017072137935265762
"(5, 5, 3, 6)",0.01798000846199528
"(5, 5, 4, 6)",0.026881417150553016
"(5, 5, 4, 7)",0.020644014853299204
"(5, 5, 4, 5)",0.0204330737782128
"(5, 5, 5, 1)",0.020769035188078634
"(5, 5, 5, 4)",0.021778945787799153
"(5, 5, 6, 2)",0.020747553951877447
"(5, 5, 6, 7)",0.02677856948648318
"(5, 5, 7, 4)",0.017766351987975822
"(5, 5, 7, 8)",0.018426560472342125
"(5, 5, 7, 7)",0.02080646976969199
"(5, 5, 7, 9)",0.021434526960344626
"(5, 5, 8, 3)",0.035943668237144205
"(5, 5, 6, 6)",0.02582292232629264
"(5, 5, 7, 5)",0.022064012846395194
"(5, 5, 8, 5)",0.026395784376546303
"(5, 5, 8, 4)",0.021051366693083672
"(5, 5, 9, 2)",0.019706533427667997
"(5, 6, 1, 9)",0.022707791037000085
"(5, 6, 1, 1)",0.023323303100468
"(5, 6, 1, 8)",0.023377659061975684
"(5, 6, 2, 8)",0.030906307393650783
"(5, 6, 2, 5)",0.029773638268912366
"(5, 6, 2, 7)",0.022885611175456167
"(5, 6, 2, 6)",0.024807456291919813
"(5, 6, 2, 9)",0.02848058989407945
"(5, 6, 4, 3)",0.12311143930383878
"(5, 6, 5, 7)",0.020910792737244378
"(5, 6, 6, 3)",0.02132430679920254
"(5, 6, 6, 5)",0.025803680507524785
"(5, 6, 7, 3)",0.018775947639566234
"(5, 6, 7, 7)",0.023441981823725446
"(5, 6, 8, 2)",0.022581388351158166
"(5, 6, 7, 4)",0.018731893509563835
"(5, 6, 8, 3)",0.024330005383461042
"(5, 6, 9, 1)",0.023467516187799735
"(5, 6, 8, 7)",0.025979060075325685
"(5, 6, 9, 3)",0.021497953440336164
"(5, 7, 1, 6)",0.016683573117570696
"(5, 7, 1, 8)",0.017721225930765735
"(5, 7, 1, 9)",0.016833178090081564
"(5, 7, 2, 9)",0.021721745427483
"(5, 7, 3, 9)",0.022682801336710107
"(5, 7, 2, 4)",0.024071855210679984
"(5, 7, 3, 7)",0.023004156627398898
"(5, 7, 4, 4)",0.027261323894375064
"(5, 7, 4, 6)",0.023578138205302808
"(5, 7, 4, 5)",0.026989257899198097
"(5, 7, 4, 9)",0.01702483841603858
"(5, 7, 5, 4)",0.025167593177059033
"(5, 7, 6, 1)",0.10258872071282252
"(5, 7, 6, 2)",0.026620226555658526
"(5, 7, 6, 8)",0.018994570679125394
"(5, 7, 6, 9)",0.022416563992313638
"(5, 7, 7, 1)",0.01894727978664345
"(5, 7, 7, 2)",0.01751285284317695
"(5, 7, 6, 5)",0.02015233857035657
"(5, 7, 7, 6)",0.019050726513461888
"(5, 7, 7, 8)",0.020158150941890034
"(5, 7, 8, 3)",0.023078679660428408
"(5, 7, 7, 5)",0.0336132979536727
"(5, 7, 8, 5)",0.02340349963533276
"(5, 7, 8, 6)",0.01945298949274322
"(5, 7, 8, 8)",0.024806070796637106
"(5, 7, 9, 8)",0.0267691114266241
"(5, 7, 9, 9)",0.019124653449624024
"(5, 8, 1, 5)",0.01671397705095593
"(5, 8, 1, 4)",0.019407829393362434
"(5, 8, 3, 6)",0.023849233352727477
"(5, 8, 4, 3)",0.02080147368950546
"(5, 8, 3, 5)",0.03199008543156678
"(5, 8, 4, 7)",0.021782291712408707
"(5, 8, 4, 6)",0.020995313584472496
"(5, 8, 5, 6)",0.02042599404718966
"(5, 8, 4, 4)",0.019884249795827244
"(5, 8, 5, 4)",0.023524314381173275
"(5, 8, 5, 8)",0.022261516339183916
"(5, 8, 3, 2)",0.02212117357650979
"(5, 8, 5, 9)",0.022747015351429277
"(5, 8, 6, 2)",0.0230298037051787
"(5, 8, 6, 1)",0.025862728929608537
"(5, 8, 6, 4)",0.02189657024163056
"(5, 8, 6, 3)",0.019572318327483528
"(5, 8, 6, 6)",0.018128799615305773
"(5, 8, 6, 7)",0.019317798944994368
"(5, 8, 6, 8)",0.021862278392974895
"(5, 8, 7, 5)",0.021203995295327738
"(5, 8, 9, 3)",0.02867399524565177
"(5, 8, 8, 5)",0.020295451279514255
"(5, 8, 9, 4)",0.02005978577400932
"(5, 8, 9, 6)",0.020181194089462777
"(5, 8, 9, 2)",0.01984878748994209
"(5, 9, 1, 4)",0.027671319840766123
"(5, 9, 1, 3)",0.023845127924947543
"(5, 8, 9, 9)",0.021433954812370985
"(5, 9, 2, 2)",0.02453451751886245
"(5, 9, 4, 2)",0.02454648061927598
"(5, 9, 4, 3)",0.03330842494472372
"(5, 9, 4, 6)",0.020964207030340177
"(5, 9, 5, 2)",0.020669434975401264
"(5, 9, 6, 9)",0.04439950054817843
"(5, 9, 7, 8)",0.022611837387965458
"(5, 9, 8, 2)",0.03600534085794427
"(5, 9, 9, 1)",0.10258631770725342
"(5, 9, 9, 4)",0.026779685383911286
"(5, 9, 9, 7)",0.03315669725384073
"(6, 1, 1, 9)",0.1024992942894593
"(6, 1, 9, 1)",0.10258633842150612
"(6, 2, 2, 8)",0.019908904844694646
"(6, 2, 3, 5)",0.13563543587164978
"(6, 2, 6, 2)",0.033621594995847215
"(6, 2, 7, 5)",0.035636795154413564
"(6, 2, 7, 8)",0.02364594930888959
"(6, 2, 7, 3)",0.03135677705124104
"(6, 2, 8, 1)",0.10258428912050793
"(6, 2, 8, 9)",0.04874442451866982
"(6, 3, 1, 9)",0.030149994784326402
"(6, 3, 1, 8)",0.025448063175794452
"(6, 3, 2, 1)",0.02791761942676748
"(6, 3, 2, 8)",0.02102262736303994
"(6, 3, 4, 8)",0.047208769284425876
"(6, 3, 5, 2)",0.02227350856333997
"(6, 3, 5, 5)",0.041644552271807085
"(6, 3, 5, 3)",0.027778929950832587
"(6, 3, 5, 8)",0.02101689299342434
"(6, 3, 6, 4)",0.024338391772430697
"(6, 3, 6, 6)",0.025335307103759933
"(6, 3, 6, 8)",0.02923939379109645
"(6, 3, 6, 5)",0.02396486652898071
"(6, 3, 6, 9)",0.030425920613075405
"(6, 3, 7, 7)",0.023777013652935663
"(6, 3, 8, 3)",0.029202361834789792
"(6, 3, 7, 5)",0.024319101553906198
"(6, 3, 8, 5)",0.019984134271546064
"(6, 3, 8, 8)",0.024945465399867278
"(6, 3, 9, 5)",0.023652815960681285
"(6, 3, 8, 4)",0.02028748740055771
"(6, 4, 2, 2)",0.10258619722098439
"(6, 4, 2, 5)",0.10084154616402055
"(6, 4, 1, 9)",0.01879297371398266
"(6, 4, 1, 8)",0.022725369001125793
"(6, 4, 2, 6)",0.10197110683078649
"(6, 4, 2, 3)",0.10257859804904673
"(6, 4, 2, 8)",0.04222528152856542
"(6, 4, 2, 7)",0.10200529383694987
"(6, 4, 2, 9)",0.10258629713403221
"(6, 4, 3, 2)",0.10258025307555034
"(6, 4, 3, 3)",0.023687545866391296
"(6, 4, 3, 4)",0.026690975408825913
"(6, 4, 3, 9)",0.03939302093899896
"(6, 4, 3, 8)",0.03479829177432707
"(6, 4, 4, 2)",0.02392833210049086
"(6, 4, 4, 7)",0.024288136345960908
"(6, 4, 5, 4)",0.018194841221192554
"(6, 4, 5, 5)",0.02322391833809431
"(6, 4, 4, 9)",0.02255125719403617
"(6, 4, 5, 3)",0.020344267529792456
"(6, 4, 4, 8)",0.02200690686644587
"(6, 4, 5, 7)",0.019715981343883034
"(6, 4, 5, 6)",0.022704431093477393
"(6, 4, 5, 8)",0.021325334537781685
"(6, 4, 5, 9)",0.01988848971842974
"(6, 4, 6, 3)",0.02408723184188227
"(6, 4, 6, 4)",0.02157935426267344
"(6, 4, 6, 6)",0.02484507090669452
"(6, 4, 6, 5)",0.025964476238681866
"(6, 4, 6, 7)",0.019754226837641393
"(6, 4, 6, 9)",0.018311333733008854
"(6, 4, 6, 8)",0.018364608138764463
"(6, 4, 7, 7)",0.031349931512320295
"(6, 4, 7, 4)",0.022658385244829795
"(6, 4, 7, 1)",0.10258616456155256
"(6, 4, 7, 6)",0.019759997466037973
"(6, 4, 7, 8)",0.016874240589222073
"(6, 4, 8, 4)",0.021539901191603806
"(6, 4, 8, 2)",0.022325376160144454
"(6, 4, 7, 5)",0.019356950389717954
"(6, 4, 8, 7)",0.018667976009185964
"(6, 4, 8, 3)",0.023688061650803918
"(6, 4, 8, 9)",0.045183185344441226
"(6, 4, 9, 2)",0.021772286263791085
"(6, 4, 9, 3)",0.0215449972813119
"(6, 4, 9, 6)",0.01860105392658797
"(6, 4, 9, 5)",0.0209525959926773
"(6, 4, 9, 7)",0.022308473657163864
"(6, 5, 1, 1)",0.026394653405128143
"(6, 5, 1, 4)",0.026633856776393974
"(6, 5, 1, 6)",0.021073831566716706
"(6, 5, 1, 7)",0.03641874922978098
"(6, 5, 1, 5)",0.02454909937296495
"(6, 5, 2, 5)",0.10255658196400225
"(6, 5, 2, 6)",0.12228190457570703
"(6, 5, 3, 3)",0.02683013704550473
"(6, 5, 2, 3)",0.1024688595502237
"(6, 5, 3, 9)",0.027415054608856425
"(6, 5, 4, 2)",0.10257278371696389
"(6, 5, 3, 8)",0.03688675277952653
"(6, 5, 4, 4)",0.02183358512899091
"(6, 5, 4, 5)",0.020836954497457847
"(6, 5, 4, 9)",0.01966603264885262
"(6, 5, 5, 4)",0.02201151063388841
"(6, 5, 5, 3)",0.021818271844583258
"(6, 5, 5, 5)",0.023252709913517456
"(6, 5, 5, 8)",0.025310962085684122
"(6, 5, 5, 7)",0.024395461141141606
"(6, 5, 5, 6)",0.0230356308296504
"(6, 5, 5, 9)",0.021435371986888566
"(6, 5, 6, 6)",0.026943775939199173
"(6, 5, 7, 5)",0.026338489496090786
"(6, 5, 7, 6)",0.0237661686268918
"(6, 5, 6, 3)",0.022400116503908555
"(6, 5, 7, 4)",0.024001844582912372
"(6, 5, 8, 1)",0.1024011583167152
"(6, 5, 7, 9)",0.023632389044744188
"(6, 5, 8, 4)",0.023936068949877484
"(6, 5, 8, 7)",0.02302036009821177
"(6, 5, 8, 6)",0.02383743070290802
"(6, 5, 8, 3)",0.021154058706808962
"(6, 5, 9, 6)",0.02082966401479165
"(6, 5, 9, 3)",0.02489466502263843
"(6, 5, 9, 4)",0.023393643706308642
"(6, 5, 9, 5)",0.019827667262283126
"(6, 5, 8, 9)",0.018414608136586293
"(6, 6, 1, 3)",0.01977332332194506
"(6, 6, 1, 4)",0.022383892187550155
"(6, 5, 9, 8)",0.019597061427221292
"(6, 6, 2, 1)",0.10258633842150612
"(6, 6, 2, 3)",0.0360404092608658
"(6, 6, 2, 9)",0.01833303409119536
"(6, 6, 2, 7)",0.02865585784709294
"(6, 6, 3, 2)",0.041465564859027595
"(6, 6, 2, 2)",0.025044683611774372
"(6, 6, 3, 4)",0.019511183160273424
"(6, 6, 3, 5)",0.019095285264528118
"(6, 6, 3, 9)",0.020853871971756702
"(6, 6, 4, 6)",0.0321724147774727
"(6, 6, 4, 4)",0.019532839390144566
"(6, 6, 4, 3)",0.03176946153949309
"(6, 6, 5, 1)",0.05470963854061783
"(6, 6, 5, 2)",0.021635909689749898
"(6, 6, 5, 3)",0.02294903370065538
"(6, 6, 4, 9)",0.03239131309007716
"(6, 6, 5, 4)",0.028467433291298697
"(6, 6, 5, 5)",0.01912255449136095
"(6, 6, 5, 7)",0.021073199829535167
"(6, 6, 5, 8)",0.019478120063171525
"(6, 6, 5, 9)",0.021414039710685735
"(6, 6, 6, 1)",0.034414119384361785
"(6, 6, 6, 6)",0.02238684081533624
"(6, 6, 6, 7)",0.025922790410842146
"(6, 6, 7, 2)",0.02196827679444326
"(6, 6, 6, 9)",0.019912276747762622
"(6, 6, 7, 1)",0.01980991599700922
"(6, 6, 7, 5)",0.019136456497087385
"(6, 6, 7, 3)",0.027033996026555047
"(6, 6, 7, 8)",0.026470650360460608
"(6, 6, 7, 7)",0.023645950223907385
"(6, 6, 7, 9)",0.021101092164298164
"(6, 6, 8, 4)",0.0240226397478585
"(6, 6, 8, 5)",0.0202579331529372
"(6, 6, 8, 7)",0.025248263456273044
"(6, 6, 8, 8)",0.01812701110979637
"(6, 6, 8, 3)",0.02220842622340517
"(6, 6, 9, 3)",0.0267498023986995
"(6, 6, 9, 4)",0.02241572182134727
"(6, 6, 9, 8)",0.01921470398317222
"(6, 6, 9, 9)",0.021216451454745235
"(6, 7, 2, 2)",0.10258440579269042
"(6, 7, 2, 6)",0.023073717826964622
"(6, 7, 2, 5)",0.023042624531217675
"(6, 7, 2, 8)",0.022713670456568996
"(6, 7, 2, 9)",0.02024568552385079
"(6, 6, 9, 7)",0.023066070633731846
"(6, 7, 3, 4)",0.02383043783797516
"(6, 7, 3, 5)",0.024636281815428568
"(6, 7, 3, 3)",0.02327458859383075
"(6, 7, 3, 7)",0.01920782932024758
"(6, 7, 3, 8)",0.02499991412723334
"(6, 7, 4, 4)",0.02570867695633817
"(6, 7, 4, 2)",0.022481547508264987
"(6, 7, 4, 7)",0.025674144021520472
"(6, 7, 4, 8)",0.019765271495134056
"(6, 7, 5, 6)",0.01907707521708051
"(6, 7, 5, 8)",0.02139769144427076
"(6, 7, 5, 5)",0.020414196590478443
"(6, 7, 4, 9)",0.020090843702345006
"(6, 7, 6, 1)",0.02250249502362128
"(6, 7, 5, 7)",0.01993518633883118
"(6, 7, 6, 3)",0.023092008890925712
"(6, 7, 5, 3)",0.021575486496134503
"(6, 7, 6, 7)",0.018589035053931027
"(6, 7, 6, 5)",0.03222338682752164
"(6, 7, 6, 8)",0.017730907416714486
"(6, 7, 7, 2)",0.027179205907519953
"(6, 7, 6, 9)",0.020800757175108382
"(6, 7, 7, 5)",0.017699505091209895
"(6, 7, 7, 8)",0.023846621376478937
"(6, 7, 7, 7)",0.025281692157122147
"(6, 7, 8, 5)",0.020672475295782672
"(6, 7, 7, 9)",0.022416747679433916
"(6, 7, 8, 7)",0.025081453536295144
"(6, 7, 8, 2)",0.025785786389750577
"(6, 7, 9, 1)",0.01983765092335401
"(6, 7, 9, 2)",0.023694854501468885
"(6, 7, 9, 4)",0.021615973196033658
"(6, 7, 9, 5)",0.02207590603410253
"(6, 7, 8, 9)",0.021010035123260475
"(6, 7, 9, 3)",0.01811292544956049
"(6, 7, 9, 8)",0.023694054843917508
"(6, 8, 1, 3)",0.05497647399982108
"(6, 8, 1, 7)",0.04199250431973285
"(6, 8, 1, 4)",0.04780754539342601
"(6, 8, 1, 8)",0.0350765763063416
"(6, 8, 2, 4)",0.04289859457984859
"(6, 8, 4, 2)",0.10258627494681388
"(6, 8, 6, 1)",0.10258615698921313
"(6, 8, 6, 7)",0.021034639402115446
"(6, 8, 7, 1)",0.022309648480602604
"(6, 8, 7, 2)",0.025891664679060036
"(6, 8, 6, 5)",0.023034072688378825
"(6, 8, 7, 5)",0.026482380129661264
"(6, 8, 7, 4)",0.018670676598091282
"(6, 8, 7, 9)",0.021923961350319657
"(6, 8, 7, 3)",0.031266846633081796
"(6, 8, 8, 8)",0.019282624418099487
"(6, 8, 7, 8)",0.033518100565468445
"(6, 8, 9, 2)",0.10247633886627949
"(6, 8, 8, 4)",0.02312905403195662
"(6, 9, 1, 5)",0.10248895062691538
"(6, 9, 1, 3)",0.10117886741814947
"(6, 9, 1, 6)",0.10067066053649458
"(6, 9, 2, 2)",0.02285824026262634
"(6, 9, 2, 3)",0.02332248026264895
"(6, 9, 2, 6)",0.03257128626066842
"(6, 9, 2, 4)",0.025707811103561892
"(6, 9, 2, 7)",0.02817531201883002
"(6, 9, 3, 2)",0.028061613259352778
"(6, 9, 3, 3)",0.02277553960827336
"(6, 9, 2, 9)",0.02599732762689228
"(6, 9, 4, 3)",0.022800860276627626
"(6, 9, 3, 9)",0.030410039013554414
"(6, 9, 3, 4)",0.02699951044338206
"(6, 9, 5, 1)",0.024223773069399546
"(6, 9, 5, 6)",0.022528737925741726
"(6, 9, 5, 3)",0.018887134376346728
"(6, 9, 6, 5)",0.025545669988266708
"(6, 9, 6, 8)",0.023641261001959017
"(6, 9, 8, 1)",0.026722882406215426
"(6, 9, 8, 2)",0.022307425497562636
"(6, 9, 8, 5)",0.02248532413181457
"(6, 9, 9, 4)",0.027247626935296358
"(6, 9, 9, 2)",0.02152405795957029
"(6, 9, 8, 4)",0.0248914855472554
"(6, 9, 9, 7)",0.021826076751108228
"(6, 9, 9, 8)",0.028867963468303913
"(6, 9, 9, 6)",0.02832818407715321
"(6, 9, 9, 5)",0.04312943498450024
"(7, 1, 1, 8)",0.03929551282012196
"(7, 1, 2, 6)",0.046505912824163234
"(7, 1, 2, 9)",0.04055612288387003
"(7, 1, 3, 3)",0.03455227345439456
"(7, 1, 3, 4)",0.08677313041774662
"(7, 1, 3, 6)",0.04292121785706695
"(7, 1, 3, 5)",0.0884660024364724
"(7, 1, 3, 8)",0.06513065395074533
"(7, 1, 4, 6)",0.0725329238484058
"(7, 1, 4, 3)",0.10248422802388434
"(7, 1, 5, 3)",0.05831782136646088
"(7, 1, 6, 7)",0.03359407388178075
"(7, 1, 6, 9)",0.03172189848023578
"(7, 1, 6, 6)",0.1025863384215136
"(7, 1, 6, 3)",0.03903200980452687
"(7, 1, 7, 3)",0.031329680804549356
"(7, 1, 7, 8)",0.030820221550926074
"(7, 1, 7, 6)",0.04396127694526227
"(7, 1, 9, 2)",0.10258633842150602
"(7, 1, 8, 7)",0.03296363151414204
"(7, 1, 9, 6)",0.0293773049467394
"(7, 2, 1, 8)",0.09690175175439397
"(7, 2, 1, 9)",0.10252216707056078
"(7, 2, 2, 4)",0.08994684267583064
"(7, 2, 2, 6)",0.10046807003311199
"(7, 2, 2, 7)",0.09944204925976821
"(7, 2, 2, 5)",0.10246919661569326
"(7, 2, 2, 9)",0.09851514814788714
"(7, 2, 2, 8)",0.10063326447201798
"(7, 2, 3, 4)",0.09931873148277433
"(7, 2, 3, 3)",0.10239090198720771
"(7, 2, 3, 6)",0.09615937864675424
"(7, 2, 3, 9)",0.10061046334593558
"(7, 2, 5, 4)",0.07109119170706336
"(7, 2, 8, 4)",0.02842565680655058
"(7, 2, 8, 8)",0.030890724069520318
"(7, 2, 7, 4)",0.06368776710282836
"(7, 3, 1, 6)",0.13180489932224743
"(7, 3, 2, 4)",0.056536820683010684
"(7, 3, 2, 3)",0.030300524230627197
"(7, 3, 2, 7)",0.04151799819878369
"(7, 3, 1, 4)",0.03321888103096003
"(7, 3, 2, 2)",0.030046443819528357
"(7, 3, 3, 2)",0.04075825447366202
"(7, 2, 9, 9)",0.019366338848940852
"(7, 3, 3, 7)",0.040856414262909
"(7, 3, 3, 5)",0.03133450183064804
"(7, 3, 3, 8)",0.033996592830606714
"(7, 3, 4, 3)",0.06147100393755965
"(7, 3, 4, 4)",0.04609789149525915
"(7, 3, 4, 5)",0.031810831968521185
"(7, 3, 4, 7)",0.02709265309027946
"(7, 3, 4, 6)",0.03452100645826224
"(7, 3, 4, 9)",0.03745149339985633
"(7, 3, 5, 5)",0.02662497107459343
"(7, 3, 4, 8)",0.022487454501892455
"(7, 3, 5, 7)",0.02700495952142562
"(7, 3, 5, 4)",0.028412638188524155
"(7, 3, 5, 8)",0.028663597181119528
"(7, 3, 5, 9)",0.025122933649270707
"(7, 3, 5, 6)",0.021715795209802016
"(7, 3, 6, 4)",0.030198059659626113
"(7, 3, 6, 5)",0.04218905654597033
"(7, 3, 6, 3)",0.03506732430362195
"(7, 3, 6, 6)",0.02717741960840117
"(7, 3, 6, 7)",0.025401592893528356
"(7, 3, 6, 8)",0.028392108944432778
"(7, 3, 6, 9)",0.02169514452271998
"(7, 3, 7, 4)",0.030952906145612018
"(7, 3, 7, 6)",0.03085199671337742
"(7, 3, 7, 5)",0.02681699916084287
"(7, 3, 7, 7)",0.029841504721267377
"(7, 3, 7, 8)",0.03314238113582063
"(7, 3, 7, 2)",0.02764656178689091
"(7, 3, 8, 3)",0.038213876795760784
"(7, 3, 8, 2)",0.03918541183761363
"(7, 3, 8, 4)",0.03464864939364898
"(7, 3, 8, 5)",0.03156570019638774
"(7, 3, 8, 6)",0.023803355611825013
"(7, 3, 8, 9)",0.025839454437124963
"(7, 3, 9, 2)",0.028418435935544703
"(7, 3, 8, 7)",0.026158052411680018
"(7, 3, 9, 3)",0.03141717828600042
"(7, 3, 9, 6)",0.026872046766973523
"(7, 3, 9, 5)",0.02725978470013966
"(7, 3, 9, 7)",0.02737469599405187
"(7, 3, 9, 9)",0.03645781591913703
"(7, 4, 2, 7)",0.045383525846201055
"(7, 4, 2, 3)",0.030506821939768333
"(7, 4, 3, 5)",0.026933896595138743
"(7, 4, 5, 2)",0.10253717716148042
"(7, 4, 5, 5)",0.030204899388355303
"(7, 4, 6, 8)",0.035179137760151795
"(7, 4, 8, 2)",0.03080408041456825
"(7, 4, 7, 7)",0.03288954618276885
"(7, 4, 8, 5)",0.024892739073491314
"(7, 4, 8, 7)",0.02969877493802223
"(7, 5, 1, 1)",0.10258633842150612
"(7, 4, 9, 5)",0.030728564833355686
"(7, 4, 8, 6)",0.032446497805801056
"(7, 4, 9, 6)",0.02845754510754108
"(7, 5, 1, 8)",0.10239193026420673
"(7, 5, 2, 2)",0.03887514894926989
"(7, 5, 2, 9)",0.01841619279084469
"(7, 5, 2, 5)",0.025796226822920234
"(7, 5, 2, 8)",0.021122051779898312
"(7, 5, 4, 1)",0.02892579466048686
"(7, 5, 4, 3)",0.033117545598888444
"(7, 5, 4, 2)",0.10238238236051536
"(7, 5, 5, 1)",0.02576272857282869
"(7, 5, 5, 3)",0.024547277070462458
"(7, 5, 5, 8)",0.0224362230190413
"(7, 5, 6, 5)",0.02114891882115057
"(7, 5, 6, 8)",0.02319206730713162
"(7, 5, 6, 3)",0.029315212256858545
"(7, 5, 8, 2)",0.10210413154893502
"(7, 5, 6, 7)",0.034401303207031525
"(7, 5, 9, 1)",0.02397821976566565
"(7, 5, 9, 4)",0.018720013275464478
"(7, 5, 9, 8)",0.0201879223777281
"(7, 6, 1, 5)",0.023449788956768736
"(7, 6, 1, 6)",0.020050144652286682
"(7, 6, 1, 2)",0.02843466477211092
"(7, 6, 2, 1)",0.0407534832552035
"(7, 6, 2, 9)",0.044257587580703604
"(7, 6, 3, 5)",0.033838436846731636
"(7, 6, 3, 2)",0.020880992133588627
"(7, 6, 3, 3)",0.022248917115376063
"(7, 6, 4, 2)",0.03914223007824587
"(7, 6, 4, 1)",0.10257950715426525
"(7, 6, 5, 2)",0.020063020877595726
"(7, 6, 5, 1)",0.019575725925214813
"(7, 6, 5, 7)",0.017060662277496527
"(7, 6, 6, 4)",0.021273338637519897
"(7, 6, 5, 9)",0.023311583764776357
"(7, 6, 7, 1)",0.10248384040636226
"(7, 6, 7, 5)",0.022457715448344247
"(7, 6, 7, 9)",0.019813718936680304
"(7, 6, 9, 2)",0.04012414338315381
"(7, 6, 9, 4)",0.021965127660442202
"(7, 7, 2, 3)",0.024117876467195497
"(7, 7, 2, 1)",0.10257216813987713
"(7, 7, 3, 7)",0.04317364799062194
"(7, 7, 4, 7)",0.025841210242604547
"(7, 7, 7, 2)",0.022016595846013235
"(7, 7, 8, 1)",0.10259069352701881
"(7, 7, 8, 4)",0.02904866545747842
"(7, 7, 8, 5)",0.020294050825166443
"(7, 7, 9, 3)",0.022025779646737773
"(7, 7, 9, 8)",0.022890766859025316
"(7, 8, 3, 5)",0.02594035905809068
"(7, 8, 3, 9)",0.02343257680194138
"(7, 8, 4, 1)",0.032967242950003056
"(7, 8, 4, 6)",0.02732079687500916
"(7, 8, 6, 1)",0.02806119564909312
"(7, 8, 5, 9)",0.021897723972415357
"(7, 8, 6, 7)",0.02535356573443208
"(7, 8, 7, 4)",0.025322235994163517
"(7, 8, 7, 2)",0.0261371405718416
"(7, 8, 7, 6)",0.12665705165616878
"(7, 8, 7, 7)",0.022602164480583276
"(7, 8, 8, 4)",0.03241141980959049
"(7, 8, 8, 3)",0.03534714735143926
"(7, 8, 8, 7)",0.02685610852455914
"(7, 8, 9, 2)",0.02839471855423236
"(7, 8, 9, 3)",0.025863037328253624
"(7, 9, 2, 4)",0.021163642778504254
"(7, 9, 2, 3)",0.018380980681269754
"(7, 9, 3, 5)",0.027294831607312695
"(7, 9, 2, 9)",0.021794252515389002
"(7, 9, 4, 7)",0.023132911296000477
"(7, 9, 4, 8)",0.02377096716667353
"(7, 9, 4, 3)",0.022509132331777135
"(7, 9, 5, 1)",0.03645505132909946
"(7, 9, 9, 8)",0.023231362203702855
"(8, 1, 2, 6)",0.07374371266705065
"(8, 1, 2, 1)",0.10217324954295678
"(8, 1, 3, 8)",0.10167080412203003
"(8, 1, 5, 8)",0.04680573089763173
"(8, 1, 6, 7)",0.05659911728324851
"(8, 1, 6, 8)",0.07147127238163611
"(8, 1, 7, 9)",0.05014732886991944
"(8, 1, 8, 2)",0.10255896526551385
"(8, 1, 7, 8)",0.0930401721979051
"(8, 1, 8, 7)",0.10249409315593433
"(8, 1, 9, 7)",0.1020465617000299
"(8, 2, 1, 4)",0.021325200282905004
"(8, 1, 9, 9)",0.0547085183171675
"(8, 2, 1, 3)",0.10258560998527458
"(8, 2, 2, 2)",0.05196619318076725
"(8, 2, 3, 3)",0.024862639010346053
"(8, 2, 3, 2)",0.029914595759698105
"(8, 2, 2, 8)",0.12997241644935295
"(8, 2, 3, 7)",0.02320185557009676
"(8, 2, 3, 8)",0.03496562490345917
"(8, 2, 4, 2)",0.027857634708057827
"(8, 2, 3, 9)",0.024841417092909785
"(8, 2, 4, 1)",0.03324241280006842
"(8, 2, 4, 5)",0.029675005661818833
"(8, 2, 4, 8)",0.02503727645343523
"(8, 2, 4, 9)",0.04373502094838963
"(8, 2, 5, 4)",0.03431613529750882
"(8, 2, 5, 2)",0.12743491015106476
"(8, 2, 5, 5)",0.025952756328315525
"(8, 2, 5, 6)",0.026371754928201204
"(8, 2, 6, 6)",0.02667270859548158
"(8, 2, 5, 7)",0.03350804985060934
"(8, 2, 6, 9)",0.12342178338657675
"(8, 2, 6, 8)",0.024065157891514203
"(8, 2, 6, 7)",0.029009633133438198
"(8, 2, 7, 5)",0.02039658976796085
"(8, 2, 7, 7)",0.03129922995602399
"(8, 2, 7, 6)",0.02058750615244992
"(8, 2, 7, 4)",0.024148575759980563
"(8, 2, 7, 2)",0.036625214380785004
"(8, 2, 7, 8)",0.05430005991657568
"(8, 2, 8, 2)",0.13875691831207287
"(8, 2, 8, 3)",0.03350858105465444
"(8, 2, 8, 4)",0.02618051457326518
"(8, 2, 8, 7)",0.032146872117265836
"(8, 2, 8, 6)",0.023949797269622982
"(8, 2, 8, 9)",0.03576323801549724
"(8, 2, 9, 3)",0.029743336383952042
"(8, 2, 9, 2)",0.03256907921572527
"(8, 2, 9, 5)",0.02879592493906096
"(8, 2, 9, 9)",0.020016041440253252
"(8, 3, 3, 9)",0.03058930836920894
"(8, 3, 4, 3)",0.03194470506449153
"(8, 3, 3, 7)",0.022477657512190535
"(8, 3, 4, 4)",0.022191523208874506
"(8, 3, 5, 5)",0.02604396325323355
"(8, 3, 5, 3)",0.02915078529454577
"(8, 3, 6, 4)",0.024618326822100436
"(8, 3, 6, 8)",0.03607390870517038
"(8, 3, 7, 1)",0.0263005532298506
"(8, 3, 5, 6)",0.027586861084745593
"(8, 3, 6, 9)",0.026025377134647976
"(8, 3, 7, 7)",0.028329801546275592
"(8, 3, 7, 8)",0.018665752476450304
"(8, 3, 8, 5)",0.025423452652453306
"(8, 3, 8, 7)",0.01738709781133818
"(8, 3, 8, 6)",0.031539422615540824
"(8, 4, 3, 4)",0.021825989435519458
"(8, 4, 4, 1)",0.04793878989581118
"(8, 4, 4, 3)",0.0328213990104851
"(8, 4, 5, 3)",0.01912707733188788
"(8, 4, 4, 2)",0.0315231100030616
"(8, 4, 5, 7)",0.05009961375028294
"(8, 4, 8, 2)",0.05091376115326487
"(8, 5, 1, 3)",0.057812024598092294
"(8, 5, 1, 7)",0.02852857613603243
"(8, 5, 1, 9)",0.055794918460976124
"(8, 5, 3, 2)",0.03546599934486161
"(8, 5, 2, 2)",0.02496562447408544
"(8, 5, 3, 6)",0.026295029572950525
"(8, 5, 3, 9)",0.022699081204913197
"(8, 5, 3, 7)",0.03241424451885107
"(8, 5, 4, 8)",0.029289927978624085
"(8, 5, 4, 9)",0.03575793814526443
"(8, 5, 6, 4)",0.0330460530571437
"(8, 5, 6, 3)",0.021499519650230222
"(8, 5, 5, 4)",0.040957668906763264
"(8, 5, 8, 6)",0.023533519243640815
"(8, 5, 8, 8)",0.020349525221280203
"(8, 5, 8, 3)",0.021657196815866187
"(8, 5, 9, 4)",0.029837682419434207
"(8, 5, 9, 6)",0.02377123529865105
"(8, 6, 2, 2)",0.10258218949404005
"(8, 6, 2, 4)",0.019461598133447097
"(8, 6, 2, 3)",0.02418009766507909
"(8, 6, 3, 4)",0.02324339619724483
"(8, 6, 2, 8)",0.036090069554934594
"(8, 6, 3, 3)",0.020207740733555114
"(8, 6, 3, 9)",0.031037604199566006
"(8, 6, 4, 5)",0.02518541085306925
"(8, 6, 4, 7)",0.02900328693960768
"(8, 6, 5, 2)",0.026210553145517616
"(8, 6, 5, 8)",0.020018310612017625
"(8, 6, 5, 4)",0.02288931422032672
"(8, 6, 6, 5)",0.023021971534831685
"(8, 6, 7, 4)",0.02016256155067311
"(8, 6, 8, 7)",0.020699144386477332
"(8, 7, 1, 2)",0.02886361330138066
"(8, 7, 1, 4)",0.02886976455477391
"(8, 7, 1, 3)",0.13619200312090557
"(8, 7, 1, 6)",0.07075935830285107
"(8, 7, 2, 7)",0.02680183614421042
"(8, 7, 3, 1)",0.032345925340647765
"(8, 7, 3, 9)",0.018836340082192787
"(8, 7, 4, 4)",0.023278399729181058
"(8, 7, 5, 1)",0.02884873111095202
"(8, 7, 4, 3)",0.03230234465478175
"(8, 7, 4, 8)",0.02069427580773482
"(8, 7, 5, 2)",0.028095271291313395
"(8, 7, 5, 4)",0.0243265741939173
"(8, 7, 5, 3)",0.04323639043382448
"(8, 7, 5, 9)",0.022160229475843365
"(8, 7, 6, 8)",0.02226708519580762
"(8, 7, 6, 1)",0.020342135523619766
"(8, 7, 7, 3)",0.026089607473326625
"(8, 7, 7, 7)",0.022677642969750708
"(8, 7, 8, 7)",0.025168730155192397
"(8, 7, 8, 4)",0.024864119474370793
"(8, 7, 9, 6)",0.022389934553773937
"(8, 7, 9, 7)",0.026077038834628183
"(8, 7, 8, 5)",0.03241629187780461
"(8, 7, 9, 9)",0.021496103632908065
"(8, 7, 9, 8)",0.027158015849482343
"(8, 8, 3, 3)",0.024579361529958668
"(8, 8, 3, 9)",0.02784784824419496
"(8, 8, 4, 2)",0.10258465501944686
"(8, 8, 5, 8)",0.02171285706400719
"(8, 8, 6, 4)",0.02412321770935683
"(8, 8, 6, 5)",0.02980963350283292
"(8, 8, 6, 6)",0.026333520153701346
"(8, 8, 7, 3)",0.043224541198168064
"(8, 8, 7, 7)",0.0260767049904871
"(8, 8, 8, 3)",0.022950261938190088
"(8, 8, 8, 4)",0.02129585110271115
"(8, 8, 9, 2)",0.07883846564248517
"(8, 8, 9, 3)",0.02728643006971933
"(8, 8, 8, 9)",0.022414586211536535
"(8, 8, 8, 7)",0.020199052226486783
"(8, 8, 8, 8)",0.03021496519604311
"(8, 8, 9, 5)",0.026695041141689278
"(8, 8, 9, 7)",0.02838842649456567
"(8, 9, 2, 4)",0.027633814292486958
"(8, 9, 3, 2)",0.10256350697473687
"(8, 9, 3, 1)",0.029111183558175116
"(8, 9, 4, 6)",0.023398198878083722
"(8, 9, 5, 6)",0.021516619418479377
"(8, 9, 5, 8)",0.024366758742693208
"(8, 9, 7, 6)",0.03567306629131475
"(8, 9, 8, 7)",0.025558099600556914
"(8, 9, 9, 1)",0.025079683876193578
"(8, 9, 9, 4)",0.019795198955305446
"(8, 9, 9, 3)",0.04231903206776671
"(8, 9, 9, 5)",0.03079514229144687
"(9, 1, 2, 8)",0.0408631654771903
"(9, 1, 2, 7)",0.1025863384047191
"(9, 1, 3, 6)",0.1025830101912239
"(9, 1, 3, 9)",0.04071531298451182
"(9, 1, 3, 8)",0.04119261753626766
"(9, 1, 4, 5)",0.035218856927210024
"(9, 1, 5, 6)",0.03941983317388962
"(9, 1, 5, 2)",0.05230821361035447
"(9, 1, 5, 4)",0.04191632073963452
"(9, 1, 6, 9)",0.03949105333504684
"(9, 1, 5, 5)",0.049392661243161384
"(9, 1, 7, 1)",0.04198969069364419
"(9, 1, 7, 4)",0.10258626809060886
"(9, 1, 8, 3)",0.10258626458783923
"(9, 1, 8, 5)",0.04060300706472844
"(9, 1, 7, 7)",0.040692445714926695
"(9, 1, 8, 4)",0.10258623744233997
"(9, 1, 9, 3)",0.0434805629760197
"(9, 1, 9, 4)",0.042532710962120863
"(9, 2, 3, 6)",0.04807576094262453
"(9, 2, 3, 5)",0.05164215805724498
"(9, 2, 3, 4)",0.022707237598337333
"(9, 2, 3, 9)",0.03640483782395846
"(9, 2, 4, 8)",0.03447487274377969
"(9, 2, 4, 9)",0.025532109666783365
"(9, 2, 4, 4)",0.028557754286939137
"(9, 2, 5, 7)",0.1325775732590766
"(9, 2, 6, 4)",0.03178970814628937
"(9, 2, 6, 3)",0.030017784919541653
"(9, 2, 6, 9)",0.0274931079245362
"(9, 2, 8, 1)",0.13306702180826507
"(9, 2, 9, 4)",0.029381335173358746
"(9, 2, 9, 3)",0.026153961247453766
"(9, 2, 9, 1)",0.03472215772239355
"(9, 3, 1, 2)",0.06929256627172216
"(9, 3, 1, 7)",0.10103358391834842
"(9, 3, 2, 2)",0.035174897858117345
"(9, 3, 2, 5)",0.028403335847889306
"(9, 3, 2, 1)",0.043315477154450575
"(9, 3, 2, 3)",0.02866082631402149
"(9, 3, 2, 4)",0.028368417949527363
"(9, 3, 3, 8)",0.025891402058901135
"(9, 3, 4, 2)",0.034203307889013004
"(9, 3, 5, 2)",0.029215280607295016
"(9, 3, 4, 7)",0.030399230503320013
"(9, 3, 6, 5)",0.030468607455131334
"(9, 3, 6, 4)",0.026616486740671894
"(9, 3, 8, 2)",0.05479470143168261
"(9, 3, 9, 2)",0.02594240362375668
"(9, 3, 7, 9)",0.03746708907207423
"(9, 3, 9, 3)",0.1019614042643161
"(9, 3, 9, 4)",0.03919010267691074
"(9, 4, 1, 3)",0.02773469822066926
"(9, 4, 2, 5)",0.0323835064951775
"(9, 4, 2, 2)",0.10056219931089481
"(9, 4, 2, 3)",0.01946858986655315
"(9, 4, 2, 6)",0.023765427810576042
"(9, 4, 2, 1)",0.10256780261537919
"(9, 4, 2, 8)",0.12976665894821088
"(9, 4, 3, 7)",0.02859506697764046
"(9, 4, 3, 8)",0.02873124945822954
"(9, 4, 5, 5)",0.02846143255427693
"(9, 4, 6, 3)",0.018928593066808077
"(9, 4, 6, 4)",0.027534135203685844
"(9, 4, 6, 1)",0.023000684603275142
"(9, 4, 7, 2)",0.03430571470758916
"(9, 4, 7, 3)",0.019862195151426516
"(9, 4, 6, 9)",0.02157861002950042
"(9, 4, 7, 4)",0.03853965526023388
"(9, 4, 7, 9)",0.019748648002276693
"(9, 4, 7, 8)",0.021536489572055402
"(9, 4, 8, 7)",0.03142238080243376
"(9, 4, 8, 6)",0.02746433880213405
"(9, 4, 8, 3)",0.019398592837685517
"(9, 4, 9, 2)",0.029643573362436778
"(9, 4, 9, 4)",0.02704227206993979
"(9, 5, 1, 2)",0.035430327229041284
"(9, 5, 1, 3)",0.03496704368543861
"(9, 4, 9, 8)",0.03407187233398304
"(9, 5, 2, 1)",0.042210118807242174
"(9, 5, 3, 3)",0.03431248709944819
"(9, 5, 3, 6)",0.02496108073033909
"(9, 5, 3, 7)",0.029446211373006338
"(9, 5, 3, 5)",0.027225826303570958
"(9, 5, 3, 4)",0.022836278676496846
"(9, 5, 4, 5)",0.024832842698786786
"(9, 5, 4, 4)",0.028093194621142962
"(9, 5, 5, 1)",0.02584301830400773
"(9, 5, 5, 5)",0.023630415312114475
"(9, 5, 5, 9)",0.021626933184886985
"(9, 5, 6, 2)",0.019598609179207364
"(9, 5, 5, 3)",0.01993207166906839
"(9, 5, 6, 5)",0.027638083364530386
"(9, 5, 6, 7)",0.024015848166104355
"(9, 5, 7, 5)",0.029113840580048227
"(9, 5, 7, 7)",0.022772607487243236
"(9, 5, 7, 4)",0.027981848820081062
"(9, 5, 7, 6)",0.021006494556835637
"(9, 5, 8, 6)",0.03495195344018139
"(9, 5, 8, 7)",0.022065676638156864
"(9, 5, 8, 8)",0.02678767481652217
"(9, 5, 7, 8)",0.025492575941374412
"(9, 5, 8, 9)",0.02869857083685959
"(9, 5, 9, 3)",0.026078211849994804
"(9, 5, 9, 9)",0.029042372361779676
"(9, 5, 9, 8)",0.02589789416338371
"(9, 6, 2, 1)",0.03746752516623186
"(9, 6, 2, 9)",0.028287082268561692
"(9, 6, 3, 7)",0.03308419836250864
"(9, 6, 4, 2)",0.022064394876362286
"(9, 6, 5, 1)",0.029070750288726542
"(9, 6, 6, 8)",0.025309052731658514
"(9, 6, 6, 4)",0.025990841576673772
"(9, 6, 7, 3)",0.025843369797102885
"(9, 6, 8, 2)",0.025401540626270223
"(9, 7, 3, 4)",0.021533478580229096
"(9, 7, 3, 3)",0.019715402771087263
"(9, 7, 3, 1)",0.02015243546518984
"(9, 7, 3, 5)",0.01836550119660608
"(9, 7, 3, 2)",0.036276896722497745
"(9, 7, 3, 9)",0.020676545512532157
"(9, 7, 3, 6)",0.02375302402055041
"(9, 7, 4, 9)",0.04965407829396555
"(9, 7, 6, 3)",0.0198081393600739
"(9, 7, 5, 7)",0.021510121450302302
"(9, 7, 6, 1)",0.02695037002985943
"(9, 7, 5, 9)",0.022673395789595995
"(9, 7, 4, 7)",0.028944860765930502
"(9, 7, 6, 6)",0.023509102083371577
"(9, 7, 6, 9)",0.027778064545998574
"(9, 7, 7, 2)",0.0204841809660177
"(9, 7, 7, 4)",0.027743765150982053
"(9, 7, 7, 8)",0.02394195373898346
"(9, 7, 8, 6)",0.022859413604721858
"(9, 7, 8, 5)",0.022104783699563372
"(9, 7, 9, 1)",0.0210425144723158
"(9, 7, 9, 5)",0.02838474719898336
"(9, 7, 9, 7)",0.024332157848556305
"(9, 8, 1, 6)",0.024819950355134984
"(9, 8, 2, 2)",0.1025601498759324
"(9, 8, 1, 4)",0.024647654576988618
"(9, 8, 2, 1)",0.08250763474773876
"(9, 8, 2, 4)",0.03447290843132289
"(9, 8, 1, 9)",0.018097242727129186
"(9, 8, 2, 5)",0.04414724855695
"(9, 8, 3, 4)",0.025303942160018376
"(9, 8, 4, 7)",0.02559086435598125
"(9, 8, 5, 4)",0.023580876630180398
"(9, 8, 5, 2)",0.030525706444081507
"(9, 8, 4, 6)",0.02330686336003187
"(9, 8, 7, 7)",0.02104561276744283
"(9, 8, 8, 3)",0.04746414917896044
"(9, 8, 9, 3)",0.025036929334605093
"(9, 8, 9, 5)",0.020216194796805885
"(9, 9, 1, 2)",0.10219510346776933
"(9, 9, 4, 4)",0.023307074804091214
"(9, 9, 4, 8)",0.02266030523944989
"(9, 9, 4, 3)",0.020411847405764367
"(9, 9, 5, 3)",0.027488741848356896
"(9, 9, 5, 8)",0.021348554173635764
"(9, 9, 6, 5)",0.020553394120947456
"(9, 9, 7, 3)",0.03162227907972321
"(9, 9, 8, 2)",0.023201633479323563
"(9, 9, 8, 3)",0.023059431382530034
"(9, 9, 8, 7)",0.021515658887120183
"(9, 9, 8, 1)",0.041731593444324144
"(9, 9, 8, 5)",0.02606310152914879
"(9, 9, 9, 5)",0.026031618048803946
"(9, 9, 9, 7)",0.024408465997216685
